player_code,year,tpa,sb,avg,slg,avg_exit_speed,hard_hit_perc
386053,2010,668,7,0.289982425,0.506151142,,
2224800,2014,629,26,0.275992439,0.465028355,88.10737855,0.230769231
1254096,2010,616,3,0.268206039,0.408525755,,
2769244,2015,612,12,0.294938918,0.427574171,87.78653192,0.128755365
2215500,2014,612,9,0.268817204,0.344086022,85.91549085,0.16
2694494,2012,610,33,0.278810409,0.384758364,,
2629680,2010,608,12,0.282809612,0.451016636,,
2634602,2010,608,14,0.271914132,0.456171735,,
2694494,2013,608,17,0.231182796,0.374551971,80.59554773,0
2782262,2013,599,10,0.292307692,0.503846154,87.93458678,0.225352113
2682143,2012,598,8,0.258426966,0.486891386,,
2601068,2010,596,17,0.297640653,0.471869328,,
2646401,2010,595,22,0.351626016,0.619918699,,
2634602,2011,592,9,0.265822785,0.432188065,,
2243148,2016,589,8,0.281124498,0.56626506,88.08053391,0.331521739
2629680,2011,588,10,0.269685039,0.43503937,,
2247336,2017,588,1,0.283495146,0.497087379,87.68809745,0.355498721
2898182,2016,587,15,0.301775148,0.447731755,86.34186496,0.13253012
2268516,2017,587,3,0.275793651,0.513888889,88.43911711,0.380062305
2902575,2016,586,24,0.246728972,0.385046729,84.38767277,0.141065831
2475856,2010,585,11,0.291428571,0.44,,
2217336,2017,584,52,0.266917293,0.458646617,86.81207658,0.330900243
2739758,2012,583,1,0.262548263,0.424710425,,
2221674,2017,578,16,0.322701689,0.427767355,87.69369099,0.326086957
2167770,2016,578,0,0.246601942,0.47184466,89.53141473,0.422222222
393367,2010,575,1,0.247600768,0.439539347,,
2271030,2018,574,0,0.284518828,0.579497908,90.31356987,0.456973294
2237478,2016,574,25,0.280961183,0.458410351,87.16538387,0.342857143
2209866,2016,573,2,0.244488978,0.436873747,89.14987487,0.38
2695322,2011,571,20,0.25308642,0.397119342,,
2771222,2014,571,5,0.288930582,0.424015009,84.63718322,0.091286307
386260,2010,570,26,0.268244576,0.479289941,,
2232666,2014,570,17,0.291015625,0.4375,97.41806952,0.8
2233980,2017,570,17,0.288499025,0.389863548,85.71686408,0.252272727
2212254,2016,570,3,0.2734375,0.41015625,87.72372082,0.324519231
2497752,2010,567,7,0.275,0.432692308,,
2514956,2011,567,33,0.240165631,0.308488613,,
2177574,2015,567,15,0.26129666,0.332023576,84.21501203,0.214285714
2214948,2014,567,28,0.276134122,0.388560158,89.05148141,0.317647059
2256738,2016,567,51,0.219607843,0.32745098,84.06468188,0.18705036
862590,2011,564,14,0.314851485,0.457425743,,
2632325,2010,564,29,0.31640625,0.38671875,,
2242308,2016,564,3,0.274900398,0.478087649,90.58190948,0.423529412
1274198,2012,563,14,0.280808081,0.35959596,,
2683201,2013,563,1,0.257874016,0.492125984,86.33665544,0.163716814
2825456,2015,561,1,0.263862333,0.367112811,83.04093747,0.104477612
2898435,2016,561,0,0.266932271,0.484063745,90.04143062,0.262996942
2647666,2011,560,1,0.270428016,0.470817121,,
2232024,2018,560,26,0.281632653,0.42244898,87.53479622,0.322077922
2255544,2016,560,21,0.243512974,0.337325349,82.55034257,0.149367089
902449,2013,557,23,0.295833333,0.485416667,85.8490468,0.25
2215464,2016,556,13,0.284,0.362,84.42743135,0.165333333
2268162,2018,556,18,0.294605809,0.439834025,87.4303271,0.320359281
2197188,2014,556,5,0.296146045,0.488843813,86.50966981,0.299145299
2281080,2018,556,38,0.2625,0.408333333,87.1231129,0.312807882
2186064,2016,555,1,0.289156627,0.546184739,90.07709763,0.449367089
2627794,2012,554,7,0.30020284,0.423935091,,
2898228,2016,553,2,0.273662551,0.393004115,87.64496836,0.125364431
2631911,2010,552,1,0.285429142,0.443113772,,
2542648,2010,551,25,0.290258449,0.457256461,,
2269398,2018,551,4,0.274793388,0.47107438,91.11124303,0.448680352
2231694,2016,551,12,0.25,0.338983051,83.24013169,0.233802817
2602057,2013,550,1,0.248496994,0.362725451,83.30751611,0.214285714
2223342,2017,550,5,0.271825397,0.488095238,87.77084948,0.346437346
2237304,2016,549,30,0.323045267,0.46090535,85.96746789,0.257703081
2226378,2016,549,5,0.240963855,0.439759036,88.77919481,0.381756757
2269044,2018,549,7,0.290836653,0.412350598,87.70555456,0.320954907
2164530,2015,549,18,0.292372881,0.459745763,90.06332141,0.416666667
2219916,2015,548,57,0.305785124,0.386363636,84.65547241,0.212121212
2162070,2014,548,1,0.266075388,0.498891353,88.52579751,0.362637363
2684857,2014,547,17,0.255670103,0.404123711,85.57664492,0.107344633
2236164,2016,547,21,0.269874477,0.420502092,89.3052334,0.412698413
2204088,2014,546,31,0.289156627,0.391566265,79.4335478,0
2825456,2016,545,0,0.253875969,0.42248062,86.92553704,0.212290503
2874193,2016,545,4,0.283057851,0.520661157,89.85812116,0.282467532
2236320,2018,545,18,0.263581489,0.392354125,86.74601608,0.289893617
2272224,2018,544,12,0.298,0.406,85.94814328,0.257009346
2274126,2018,543,3,0.257142857,0.558241758,94.00644622,0.550877193
2600815,2010,540,0,0.287169043,0.419551935,,
2243520,2018,540,0,0.255411255,0.506493506,89.81368603,0.431754875
2627794,2013,539,6,0.26652452,0.377398721,86.14600018,0.117647059
2213808,2016,539,11,0.25,0.386363636,85.27172497,0.283950617
2429396,2010,538,40,0.329411765,0.488235294,,
2283360,2018,538,15,0.252173913,0.330434783,85.64573454,0.227272727
2244876,2015,538,5,0.314533623,0.481561822,88.32623003,0.367857143
2539405,2010,537,9,0.28285078,0.371937639,,
2236146,2018,536,1,0.262425447,0.328031809,84.5197424,0.196759259
2861382,2015,535,2,0.231263383,0.325481799,86.93004937,0.195121951
2279112,2018,535,28,0.291925466,0.451345756,88.8159627,0.362768496
2257140,2016,535,42,0.269487751,0.440979955,88.4539841,0.372881356
2223864,2015,535,13,0.241304348,0.330434783,86.08889122,0.327433628
2636580,2010,534,27,0.257201646,0.366255144,,
2808298,2014,534,15,0.283613445,0.523109244,90.37103549,0.294117647
2226180,2014,534,21,0.244111349,0.340471092,85.12457279,0.222222222
2211144,2014,534,1,0.264392324,0.396588486,89.09272141,0.323529412
2181684,2018,533,0,0.239740821,0.425485961,91.22094477,0.473053892
2280972,2018,533,17,0.273522976,0.36761488,87.54783253,0.284900285
2230992,2014,532,34,0.245575221,0.373893805,86.06659794,0.269230769
2254782,2017,532,18,0.263485477,0.375518672,86.00212762,0.309309309
2235918,2016,531,23,0.247191011,0.406741573,85.4371047,0.238754325
2177034,2018,531,1,0.285714286,0.47826087,88.51389696,0.384615385
2221566,2014,529,7,0.243186583,0.352201258,86.20744713,0.254901961
2244204,2016,528,31,0.220750552,0.302428256,84.83149163,0.194756554
2222460,2016,528,11,0.293617021,0.436170213,87.90314132,0.381107492
2253888,2017,527,8,0.255319149,0.365957447,87.80155079,0.338624339
2214588,2016,527,12,0.265392781,0.433121019,87.83198104,0.328488372
2225040,2014,526,6,0.349473684,0.602105263,91.4520118,0.434108527
2809931,2014,525,11,0.261316872,0.339506173,82.35854509,0.02238806
2233098,2014,525,11,0.261316872,0.339506173,82.30271152,0.177777778
2220186,2014,525,30,0.249457701,0.344902386,86.03190132,0.25
2695322,2013,524,13,0.245495495,0.43018018,86.8074879,0
2234184,2015,524,28,0.265625,0.328125,82.64526798,0.084033613
2220828,2015,523,8,0.243534483,0.372844828,88.4448581,0.333333333
2771222,2013,522,4,0.270440252,0.412997904,89.79638512,0
2273820,2017,522,9,0.246013667,0.391799544,86.42728012,0.28742515
2209734,2015,521,3,0.30982906,0.485042735,92.0173026,0.565217391
2727890,2012,520,36,0.224444444,0.268888889,,
2415274,2013,518,3,0.309255079,0.44469526,90.26729175,0.230769231
2228172,2017,518,0,0.268817204,0.425806452,87.13970417,0.35106383
2818464,2016,517,1,0.274261603,0.373417722,85.69020116,0.135693215
2680763,2013,516,23,0.257847534,0.374439462,83.1458488,0.058479532
2820902,2014,516,7,0.224789916,0.350840336,86.73284621,0.131578947
2235330,2016,515,11,0.251101322,0.4030837,86.26756519,0.296829971
2278050,2018,515,22,0.257019438,0.429805616,88.11467023,0.380368098
2194932,2015,515,4,0.275,0.43125,89.21532065,0.422018349
2261304,2018,515,1,0.282937365,0.410367171,86.64559203,0.315245478
2898435,2017,514,0,0.292110874,0.524520256,91.65996889,0.33125
2682143,2011,513,4,0.285382831,0.526682135,,
2820902,2016,513,1,0.247357294,0.397463002,86.78003751,0.160237389
2874239,2016,513,2,0.270788913,0.420042644,89.33481103,0.233108108
2245188,2017,513,27,0.271523179,0.481236203,86.46743908,0.358361775
2220690,2015,513,5,0.253246753,0.439393939,89.59702022,0.384615385
2249874,2016,513,2,0.270788913,0.420042644,89.31925709,0.368770764
2473004,2012,512,16,0.219512195,0.310421286,,
2230542,2014,511,6,0.300438596,0.442982456,82.92037134,0.195652174
2007966,2014,510,2,0.275784753,0.372197309,85.69258264,0.202702703
2190042,2014,510,0,0.260579065,0.514476615,88.86324101,0.340909091
2246784,2016,509,14,0.229468599,0.413043478,85.91393922,0.299638989
2223960,2014,509,16,0.257709251,0.372246696,90.01470383,0.354166667
2473004,2010,508,33,0.256179775,0.348314607,,
2695322,2014,508,12,0.2760181,0.461538462,86.99331807,0.225806452
2628921,2011,507,5,0.253796095,0.35791757,,
2268858,2017,507,22,0.26754386,0.385964912,86.6903838,0.3
2817958,2014,506,2,0.260393873,0.444201313,87.45719382,0.215909091
2235192,2014,506,2,0.260393873,0.444201313,87.36996178,0.348314607
2254020,2018,506,1,0.263038549,0.371882086,86.99457558,0.314049587
2222694,2017,503,14,0.248407643,0.341825902,84.15895206,0.213333333
2235780,2018,502,3,0.258351893,0.371937639,84.47145281,0.241071429
2268342,2017,502,7,0.260089686,0.367713004,86.21623504,0.264957265
2601896,2011,501,13,0.254901961,0.4291939,,
2185860,2015,501,11,0.260089686,0.403587444,84.20160706,0.194570136
2203290,2015,501,23,0.251101322,0.328193833,84.44382209,0.20361991
2901034,2016,500,11,0.223194748,0.32166302,82.76860746,0.097222222
2189310,2017,500,3,0.205194805,0.397402597,91.26821243,0.46875
2739758,2015,499,1,0.253863135,0.42384106,87.88729535,0.232142857
2874239,2015,499,7,0.300668151,0.474387528,88.73280414,0.212669683
2179776,2014,499,13,0.23798627,0.3798627,87.39430321,0.307692308
2212368,2016,499,36,0.323325635,0.475750577,88.05305503,0.349206349
2634602,2013,497,4,0.293991416,0.463519313,89.62157186,0.242424242
2230092,2018,496,4,0.272108844,0.362811791,88.05222785,0.330601093
2230086,2016,496,25,0.295964126,0.401345291,86.34907731,0.262345679
2725337,2014,495,12,0.299319728,0.421768707,88.83307348,0.181818182
2727890,2014,494,49,0.267898383,0.323325635,79.96436442,0
2771222,2015,494,4,0.256179775,0.319101124,86.45946563,0.129554656
2211696,2014,494,49,0.267898383,0.323325635,79.96436442,0
2683201,2014,493,4,0.25389755,0.436525612,86.7790143,0.260869565
2259216,2018,493,22,0.227817746,0.330935252,87.63309963,0.320121951
865741,2010,492,6,0.321348315,0.51011236,,
2244168,2017,492,30,0.252403846,0.425480769,83.7370685,0.252459016
2259528,2016,492,0,0.272925764,0.362445415,88.08921626,0.346938776
2227818,2017,492,12,0.247685185,0.351851852,84.6788968,0.227272727
2695322,2012,491,28,0.246943765,0.442542787,,
2724739,2012,491,53,0.309178744,0.429951691,,
2231670,2015,491,18,0.25462963,0.446759259,87.71873902,0.297752809
2274558,2017,491,16,0.272727273,0.41958042,85.14666261,0.291390728
2232414,2016,491,1,0.269585253,0.421658986,89.96832191,0.444089457
2540486,2010,489,12,0.270642202,0.483944954,,
2246310,2016,488,6,0.230232558,0.325581395,85.91454107,0.272727273
905163,2012,487,3,0.28,0.449411765,,
2724739,2013,487,27,0.23902439,0.348780488,83.23313549,0.043478261
2271084,2018,487,15,0.293064877,0.436241611,87.87959463,0.337912088
2708248,2016,486,6,0.251670379,0.311804009,82.31500637,0.01863354
2778030,2013,485,10,0.239819005,0.314479638,82.10278585,0
2223750,2016,485,2,0.225287356,0.363218391,85.08649034,0.22741433
2708248,2015,484,12,0.275058275,0.34032634,79.76670361,0.004048583
2206572,2015,484,12,0.275058275,0.34032634,79.99421393,0.030534351
2874216,2015,483,5,0.293986637,0.380846325,89.66807542,0.2
2200890,2014,483,7,0.197777778,0.248888889,80.98437234,0.0625
2244066,2018,483,5,0.268765133,0.573849879,92.81252016,0.516363636
2693321,2012,482,8,0.287946429,0.388392857,,
2188254,2014,482,5,0.270693512,0.326621924,84.15418981,0.121621622
2680763,2011,481,22,0.236842105,0.291866029,,
940054,2010,480,17,0.261682243,0.413551402,,
2232372,2018,480,6,0.271186441,0.525423729,88.29754275,0.366906475
2202546,2014,479,1,0.256218905,0.385572139,89.22895054,0.38028169
2215146,2014,479,20,0.268867925,0.408018868,88.185393,0.380952381
2243046,2018,478,1,0.271662763,0.433255269,87.11816166,0.366946779
2193744,2018,478,15,0.317757009,0.539719626,88.50993537,0.38125
2279412,2018,478,4,0.20383693,0.268585132,84.00649825,0.180769231
2234892,2018,478,22,0.298245614,0.426065163,85.38906629,0.26911315
2602057,2012,476,1,0.248275862,0.349425287,,
2708248,2014,476,26,0.201438849,0.225419664,78.8942632,0
2809931,2016,476,8,0.285067873,0.366515837,86.46007489,0.087719298
2819223,2016,476,41,0.242352941,0.310588235,81.69141691,0.073359073
2201850,2015,476,8,0.270935961,0.57635468,91.84431733,0.466292135
2219598,2014,475,1,0.263888889,0.4375,88.08702618,0.380952381
2218566,2017,475,1,0.245939675,0.336426914,85.24164169,0.278688525
2189658,2014,474,2,0.286764706,0.426470588,88.7034726,0.26
619411,2010,473,2,0.263033175,0.469194313,,
2647666,2010,473,0,0.236238532,0.401376147,,
2869869,2015,473,19,0.219907407,0.31712963,83.66398851,0.115107914
2231940,2016,473,10,0.262068966,0.349425287,84.89969967,0.224924012
2825203,2014,472,1,0.245783133,0.346987952,87.15608714,0.294117647
2257644,2017,472,7,0.282608696,0.437198068,86.83479809,0.314641745
2236548,2014,472,37,0.257831325,0.395180723,83.17245309,0.222222222
2221152,2014,472,11,0.285,0.37,84.55158809,0.166666667
2624804,2010,470,8,0.248792271,0.396135266,,
2220804,2015,470,7,0.237762238,0.351981352,89.86649152,0.341772152
2261796,2016,470,13,0.274939173,0.425790754,88.06997837,0.324840764
2629680,2012,469,3,0.227699531,0.338028169,,
2273988,2017,469,7,0.23902439,0.324390244,85.04796685,0.25
2207364,2016,469,6,0.291079812,0.394366197,89.62511862,0.361204013
2192736,2016,469,8,0.253623188,0.420289855,86.82015552,0.314381271
2499546,2011,468,60,0.27294686,0.338164251,,
2178162,2014,468,0,0.304347826,0.548309179,85.11321624,0.287234043
2744105,2016,467,4,0.330296128,0.519362187,87.15062397,0.167701863
2191638,2017,466,1,0.264976959,0.5,88.31484792,0.356902357
2215182,2014,464,33,0.345864662,0.528822055,90.77117227,0.476190476
2238060,2016,464,8,0.328703704,0.532407407,89.78341141,0.41025641
2245290,2015,463,7,0.246786632,0.403598972,88.14678539,0.125
2249688,2015,463,13,0.250591017,0.333333333,85.23236411,0.214285714
1896969,2010,462,6,0.290167866,0.371702638,,
2233722,2016,462,1,0.283292978,0.409200969,89.17281346,0.384364821
2243088,2016,460,6,0.248192771,0.318072289,84.12497633,0.154385965
2677750,2012,459,6,0.300248139,0.406947891,,
2819223,2015,458,59,0.27804878,0.348780488,82.72650325,0
2254944,2016,458,23,0.247572816,0.308252427,85.316274,0.217687075
2869869,2016,456,16,0.255528256,0.366093366,86.66836772,0.189655172
2270424,2018,456,26,0.251256281,0.439698492,86.16140668,0.304635762
2769244,2013,454,25,0.302798982,0.442748092,,
2208240,2015,453,2,0.301980198,0.455445545,89.11544201,0.355555556
2237556,2017,453,0,0.281030445,0.421545667,87.51527941,0.304054054
2499546,2014,452,38,0.254854369,0.310679612,83.84245469,0
2683201,2011,452,6,0.230576441,0.413533835,,
2204658,2015,452,12,0.165024631,0.209359606,81.66834873,0.107142857
917537,2014,451,11,0.266490765,0.46701847,81.52056798,0.230769231
2247426,2016,451,4,0.253263708,0.477806789,92.73197145,0.466101695
2258460,2016,451,8,0.252380952,0.347619048,82.44132865,0.110062893
2874216,2016,450,8,0.305128205,0.5,90.14656785,0.299625468
2147766,2015,450,25,0.256281407,0.326633166,84.22540511,0.19047619
2647666,2012,449,0,0.257425743,0.398514851,,
2258274,2018,449,15,0.216836735,0.275510204,86.48537931,0.27027027
2256036,2017,449,11,0.250614251,0.346437346,85.99507087,0.330798479
2874262,2015,447,1,0.263959391,0.431472081,85.49934436,0.172043011
2203824,2014,447,4,0.227602906,0.324455206,79.73455561,0.105263158
2249880,2015,447,1,0.263959391,0.431472081,85.49934436,0.290322581
2242800,2017,447,15,0.295039164,0.446475196,85.78618304,0.280936455
2219652,2016,447,12,0.2325,0.345,87.92601697,0.370909091
2266674,2018,447,18,0.278061224,0.349489796,85.86489565,0.268115942
2611510,2014,445,31,0.267676768,0.378787879,83.579902,0.013888889
2822098,2016,445,22,0.251207729,0.304347826,85.71219047,0.095890411
2269806,2017,445,3,0.216,0.384,85.90785757,0.33203125
2237712,2017,444,11,0.220338983,0.254237288,84.30212343,0.198170732
2223222,2015,444,2,0.245783133,0.421686747,88.2783272,0.3
2602701,2010,443,0,0.305418719,0.504926108,,
2902644,2016,443,1,0.23255814,0.395348837,85.71711431,0.188340807
2129850,2014,443,11,0.235,0.3475,87.95159009,0.351351351
2222628,2016,443,10,0.236775819,0.350125945,85.41045407,0.226804124
2683201,2015,442,4,0.24009901,0.418316832,88.22906236,0.25257732
2210760,2016,442,3,0.35308642,0.516049383,87.57704294,0.338709677
2233026,2018,442,3,0.268472906,0.406403941,89.45489464,0.419354839
2540486,2011,441,0,0.248704663,0.393782383,,
2231712,2015,441,7,0.28150134,0.44772118,83.04961481,0.189189189
2250228,2015,441,6,0.299212598,0.393700787,91.34767427,0.444444444
2554033,2010,440,10,0.291560102,0.342710997,,
2587084,2011,440,8,0.259067358,0.42746114,,
2267970,2018,440,4,0.261845387,0.463840399,86.83833622,0.329824561
2900482,2016,439,2,0.272727273,0.464646465,90.06976773,0.336
2231880,2017,439,12,0.232189974,0.321899736,83.68680879,0.19
383431,2010,437,0,0.252010724,0.469168901,,
2257074,2018,437,7,0.317948718,0.451282051,87.81277312,0.328313253
2806757,2015,435,4,0.267990074,0.362282878,87.35238722,0.075
2553734,2016,434,8,0.253164557,0.339240506,85.01262885,0.075539568
2817958,2015,434,0,0.250639386,0.391304348,88.90928497,0.244047619
2250054,2015,434,3,0.231552163,0.475826972,88.00429779,0.379310345
2242974,2016,433,10,0.276762402,0.34464752,84.96098787,0.202985075
2820902,2015,432,2,0.268472906,0.39408867,87.56455203,0.205
2256642,2017,432,12,0.248677249,0.343915344,87.69973738,0.35483871
2278584,2018,431,22,0.304347826,0.355498721,84.53780189,0.174089069
2473004,2011,430,8,0.273458445,0.434316354,,
2682143,2013,430,2,0.251948052,0.464935065,82.6536881,0.142857143
2189952,2017,430,1,0.306329114,0.397468354,82.60865161,0.124637681
2401819,2016,429,21,0.242666667,0.301333333,85.72178381,0.098765432
2202774,2016,429,23,0.257894737,0.4,85.84952082,0.330645161
2631911,2011,426,1,0.246031746,0.423280423,,
2740103,2012,426,1,0.243767313,0.379501385,,
2220126,2016,426,1,0.248,0.394666667,86.98407892,0.35443038
2401819,2015,425,33,0.260526316,0.402631579,86.55834764,0.193548387
2627794,2010,425,8,0.287917738,0.380462725,,
2627794,2016,425,6,0.252688172,0.319892473,85.87622546,0.120805369
2225094,2017,425,19,0.328244275,0.465648855,87.09718065,0.346749226
2245404,2015,425,0,0.217630854,0.303030303,84.86991714,0.211764706
2215266,2018,424,14,0.250632911,0.351898734,83.97719804,0.272084806
2504514,2014,422,1,0.22997416,0.382428941,85.74034816,0.125
2209470,2015,422,5,0.256267409,0.3454039,85.20876462,0.192857143
2201946,2014,421,10,0.272980501,0.403899721,83.30779974,0.192307692
2186094,2014,421,12,0.236220472,0.435695538,87.96073537,0.358974359
1640703,2012,419,6,0.263297872,0.345744681,,
2422910,2010,419,23,0.279661017,0.403954802,,
2179146,2016,418,6,0.248691099,0.316753927,83.68443123,0.233333333
2173146,2018,418,0,0.232142857,0.397959184,87.21430822,0.332247557
2237400,2015,417,1,0.306010929,0.459016393,91.05879173,0.477272727
2175996,2016,417,18,0.255014327,0.421203438,85.94277849,0.237623762
2257044,2017,416,2,0.302259887,0.466101695,87.2647597,0.266881029
2177256,2014,416,5,0.272020725,0.435233161,87.35314362,0.222222222
2173686,2017,416,12,0.236111111,0.280555556,85.05740783,0.170068027
1640703,2011,415,5,0.216802168,0.300813008,,
2683201,2012,415,2,0.215258856,0.376021798,,
2224452,2014,414,12,0.221606648,0.315789474,79.89658804,0.111111111
2190510,2015,414,2,0.306493506,0.449350649,88.65365684,0.315789474
2235996,2014,414,0,0.278236915,0.479338843,92.76172389,0.5
2267556,2018,413,5,0.247252747,0.406593407,89.3116662,0.357758621
2188014,2014,413,23,0.254010695,0.304812834,83.55836999,0.210526316
2769359,2013,412,4,0.248677249,0.314814815,,
2557920,2016,411,10,0.313157895,0.373684211,85.60081451,0.094736842
2213880,2017,411,5,0.233333333,0.288888889,86.29726702,0.278195489
2257158,2016,411,2,0.216374269,0.35380117,85.14990365,0.213483146
2818464,2015,409,5,0.304461942,0.459317585,87.55798145,0.169491525
2874193,2015,409,2,0.236914601,0.380165289,89.21085689,0.215189873
2249862,2015,409,2,0.236914601,0.380165289,89.21085689,0.392405063
2234538,2015,408,5,0.286486486,0.348648649,84.85167468,0.20754717
2792290,2016,407,16,0.272486772,0.365079365,85.54488724,0.081784387
2542740,2010,406,7,0.23655914,0.303763441,,
2553734,2015,406,14,0.25203252,0.346883469,82.14732407,0.046153846
2213472,2015,406,20,0.240740741,0.32010582,83.69935441,0.203389831
2627794,2011,405,10,0.303370787,0.398876404,,
2725268,2012,405,2,0.242744063,0.324538259,,
2231070,2014,404,4,0.259562842,0.385245902,81.31336475,0
2207802,2015,404,7,0.25613079,0.343324251,86.69579314,0.262032086
2677750,2013,403,3,0.24929972,0.319327731,79.97980786,0
2724739,2014,402,18,0.25433526,0.384393064,86.31892934,0.119266055
2768255,2013,401,20,0.240223464,0.402234637,,
2680763,2012,400,22,0.244956772,0.334293948,,
2259546,2016,400,14,0.234782609,0.32173913,85.34022273,0.280991736
2235894,2018,399,10,0.254794521,0.378082192,87.39623264,0.326848249
2643273,2012,397,1,0.252173913,0.428985507,,
2688744,2013,397,3,0.257225434,0.338150289,82.25194194,0.019480519
2767611,2014,397,16,0.215976331,0.393491124,84.34447841,0.15
2678785,2013,396,4,0.251428571,0.46,84.6983128,0.121212121
2808298,2015,396,5,0.215116279,0.39244186,88.79961634,0.232758621
2233254,2018,396,2,0.264623955,0.395543175,89.58532015,0.365758755
2539405,2012,395,3,0.332344214,0.397626113,,
2131518,2014,395,3,0.253521127,0.335211268,84.49579501,0.157608696
2553734,2014,394,11,0.254143646,0.367403315,83.65926615,0.083333333
2597733,2011,394,1,0.236263736,0.296703297,,
2225046,2018,394,0,0.228323699,0.416184971,91.99882991,0.488372093
2279076,2018,393,5,0.306179775,0.426966292,85.12101404,0.234693878
2226582,2018,393,3,0.255617978,0.376404494,88.78431378,0.344827586
2257572,2016,393,17,0.282485876,0.344632768,82.85404607,0.109004739
2219256,2014,393,1,0.267806268,0.387464387,86.0757737,0.333333333
2768025,2013,392,1,0.235119048,0.339285714,,
2818464,2014,392,7,0.290858726,0.404432133,86.76492732,0.16
2254728,2017,392,0,0.257668712,0.389570552,86.80897605,0.2890625
2680763,2014,391,21,0.237142857,0.34,83.34476832,0.02173913
2739758,2014,391,0,0.240687679,0.329512894,87.60332858,0.333333333
2157738,2016,391,14,0.278735632,0.347701149,85.41302529,0.239316239
2220852,2014,391,8,0.25210084,0.394957983,84.38951301,0.2
1640703,2010,390,9,0.331476323,0.456824513,,
2582024,2010,390,15,0.235955056,0.308988764,,
2185008,2016,390,0,0.294285714,0.528571429,90.69317317,0.43442623
2214582,2017,389,4,0.259587021,0.578171091,89.97943251,0.45026178
2222022,2015,388,9,0.263157895,0.33625731,82.60012838,0.066666667
2499546,2010,387,36,0.338108883,0.432664756,,
2219076,2018,386,5,0.281842818,0.368563686,87.1796469,0.295302013
2678417,2012,385,18,0.212209302,0.322674419,,
2233014,2017,385,7,0.209230769,0.369230769,85.49473819,0.303797468
2541567,2010,384,1,0.204402516,0.308176101,,
2826790,2015,384,2,0.23006135,0.349693252,90.62062862,0.25
2233920,2018,384,10,0.210227273,0.318181818,87.65652362,0.365168539
2767404,2013,383,2,0.26744186,0.375,,
2230578,2014,383,9,0.272727273,0.425219941,87.84293301,0.222222222
2257686,2016,383,1,0.194690265,0.342182891,85.71470475,0.298913043
2230872,2017,382,2,0.274285714,0.431428571,89.70506168,0.401574803
2208864,2014,382,16,0.307453416,0.447204969,86.22692849,0.252631579
2221638,2017,381,1,0.24,0.415384615,87.19528429,0.319634703
2191536,2014,381,1,0.257790368,0.385269122,89.8424743,0.3
2236086,2018,379,18,0.221574344,0.314868805,83.39776559,0.204761905
2768255,2015,376,9,0.218181818,0.393939394,89.63141963,0.206896552
1717644,2015,376,15,0.302670623,0.391691395,84.88323395,0.208791209
2200290,2014,376,0,0.265486726,0.427728614,86.75581753,0.30952381
2684857,2012,375,4,0.201863354,0.316770186,,
2201046,2016,375,1,0.203703704,0.367283951,88.6555549,0.374331551
2222832,2017,375,1,0.21474359,0.323717949,87.76024894,0.347619048
2540486,2012,374,2,0.256965944,0.448916409,,
2201280,2016,374,3,0.235474006,0.418960245,89.26675862,0.415584416
2208810,2014,374,1,0.27244582,0.424148607,86.54828429,0.355932203
2809931,2015,373,3,0.23699422,0.326589595,82.56103625,0.005434783
2250102,2015,373,6,0.273273273,0.546546547,89.13920038,0.454545455
2253822,2016,373,21,0.228915663,0.328313253,88.51084028,0.38
2429396,2011,372,12,0.311614731,0.444759207,,
2522477,2014,372,12,0.233108108,0.293918919,84.3309596,0
2629680,2013,371,1,0.310650888,0.402366864,85.04754276,0.051470588
2174400,2018,371,4,0.269349845,0.504643963,91.41292157,0.454545455
2581932,2010,370,7,0.281065089,0.381656805,,
2611510,2013,370,48,0.273006135,0.32208589,83.86075542,0
2232660,2017,369,11,0.298013245,0.341059603,84.37079785,0.195219124
2522477,2012,368,14,0.253289474,0.351973684,,
2259186,2016,368,7,0.305732484,0.579617834,89.73403771,0.428571429
2170974,2016,368,2,0.251461988,0.374269006,87.7304935,0.369402985
2267844,2017,365,2,0.247787611,0.410029499,85.04546942,0.27755102
2231904,2015,365,1,0.257971014,0.408695652,85.62591641,0.255172414
2250462,2018,365,1,0.302325581,0.386627907,86.3949782,0.318493151
2186238,2016,364,0,0.218068536,0.361370717,84.34287206,0.236842105
2250330,2018,364,5,0.253246753,0.435064935,85.81491864,0.254464286
2611510,2015,363,19,0.253869969,0.312693498,79.7921438,0.013422819
2195898,2015,363,5,0.255451713,0.308411215,85.43403217,0.170731707
2188338,2017,363,20,0.278125,0.39375,87.42035173,0.276422764
2602057,2010,362,4,0.236245955,0.365695793,,
2233644,2015,362,3,0.28343949,0.414012739,90.47023574,0.408602151
2474729,2010,361,19,0.252365931,0.447949527,,
2739275,2015,361,1,0.237179487,0.291666667,83.97381308,0
2252868,2017,361,17,0.281553398,0.446601942,90.05596264,0.409090909
2208126,2015,361,0,0.260188088,0.369905956,89.25758873,0.347222222
2258688,2016,360,4,0.214511041,0.27444795,84.83138709,0.202643172
2232438,2014,360,0,0.250764526,0.311926606,85.34366203,0.142857143
2170542,2015,360,20,0.220447284,0.303514377,81.54876955,0.195652174
2218098,2016,359,12,0.243076923,0.316923077,84.40154304,0.188679245
2242932,2018,359,6,0.211038961,0.324675325,84.29641748,0.188118812
2231616,2016,358,0,0.295321637,0.447368421,91.00898053,0.441860465
2270730,2018,358,22,0.247349823,0.314487633,82.19757838,0.158974359
2195550,2016,358,17,0.302839117,0.444794953,87.59800427,0.370689655
2220264,2014,358,2,0.22611465,0.369426752,87.24046745,0.117647059
384144,2010,357,5,0.229607251,0.377643505,,
2233422,2016,356,0,0.278287462,0.431192661,85.93137231,0.2625
2203146,2018,356,5,0.279874214,0.418238994,88.41679578,0.351464435
1917876,2015,355,1,0.236686391,0.360946746,89.40158942,0.173333333
2401819,2014,355,35,0.283489097,0.352024922,87.18340342,0.1875
2242722,2016,355,19,0.231023102,0.379537954,88.35699942,0.356725146
2249964,2018,355,19,0.288888889,0.349206349,84.3552238,0.219298246
2504514,2015,354,0,0.230031949,0.399361022,87.5874078,0.230263158
2221848,2016,354,3,0.222580645,0.412903226,85.52222245,0.270742358
2242338,2018,353,0,0.184300341,0.392491468,88.28517701,0.382352941
2236998,2017,352,8,0.273006135,0.441717791,83.2493662,0.2109375
2554033,2011,351,5,0.251633987,0.323529412,,
2208456,2014,351,4,0.268608414,0.404530744,83.96338927,0.1875
2210052,2017,351,17,0.222929936,0.292993631,83.90225464,0.219101124
2216844,2017,351,11,0.253869969,0.356037152,84.88774103,0.241509434
2224068,2016,349,23,0.33126935,0.510835913,90.95701327,0.399209486
2257284,2017,348,0,0.210355987,0.349514563,87.67227902,0.36196319
2281500,2018,347,5,0.189473684,0.343859649,88.92735881,0.391812865
2627794,2014,346,6,0.237179487,0.317307692,83.14540262,0.057971014
2213850,2016,346,2,0.259136213,0.358803987,85.37779657,0.243027888
2189250,2017,345,9,0.230769231,0.329230769,82.1069976,0.148325359
2244786,2018,345,1,0.226973684,0.309210526,87.75855714,0.294820717
2280246,2018,345,1,0.24437299,0.372990354,83.30609981,0.213709677
2281278,2018,345,17,0.269480519,0.350649351,85.68811867,0.287401575
2255316,2017,344,10,0.301948052,0.402597403,87.81895058,0.343173432
2268192,2017,342,25,0.285234899,0.409395973,84.17990881,0.207964602
2506446,2010,341,0,0.274193548,0.393548387,,
2268456,2018,340,5,0.205387205,0.323232323,87.36125796,0.298319328
2233092,2015,340,23,0.241134752,0.361702128,82.31566367,0.130434783
2583703,2010,339,19,0.201277955,0.287539936,,
2216664,2015,339,3,0.271293375,0.406940063,87.7278791,0.372781065
2245854,2015,339,12,0.268551237,0.310954064,82.58565965,0.129770992
2255754,2017,338,6,0.212418301,0.281045752,83.78243801,0.200980392
2150628,2015,336,0,0.185454545,0.265454545,84.37401994,0.240310078
2234838,2015,336,14,0.273333333,0.33,85.5485572,0.224637681
2277804,2018,334,6,0.303030303,0.424242424,88.29201562,0.351351351
2200230,2018,334,0,0.222996516,0.425087108,90.61143861,0.453038674
2631911,2012,333,0,0.258278146,0.387417219,,
2782469,2013,333,24,0.24822695,0.326241135,,
2897860,2016,333,3,0.261016949,0.403389831,85.33551478,0.186528497
2914351,2016,331,25,0.207017544,0.277192982,86.24902137,0.092715232
2188596,2017,331,6,0.319354839,0.419354839,85.61180525,0.21969697
2210256,2018,330,5,0.297101449,0.420289855,87.18045537,0.339805825
2257464,2016,329,4,0.270462633,0.384341637,83.56761169,0.155844156
2177088,2014,329,1,0.327759197,0.555183946,86.87303993,0.25
2251140,2017,329,0,0.236749117,0.378091873,85.88283727,0.226890756
2174862,2014,329,3,0.248344371,0.337748344,84.75198021,0.25
2192196,2015,329,0,0.233552632,0.328947368,87.79936586,0.36
2632325,2011,328,7,0.286666667,0.376666667,,
2553734,2013,326,12,0.295532646,0.467353952,83.73953201,0.068181818
2189358,2016,325,5,0.276450512,0.457337884,85.81455873,0.276315789
2808298,2016,323,4,0.264808362,0.459930314,87.75699486,0.22754491
2159400,2015,323,5,0.259259259,0.30976431,84.77721491,0.166666667
2221068,2016,322,13,0.294326241,0.379432624,84.59166135,0.2
2173152,2017,322,2,0.237113402,0.288659794,81.60240742,0.094827586
2267850,2017,322,3,0.354609929,0.510638298,86.5278054,0.298578199
2688744,2011,320,1,0.237410072,0.305755396,,
2278410,2018,319,6,0.24535316,0.293680297,83.78557654,0.186170213
2198154,2014,318,3,0.290441176,0.371323529,89.40530697,0.458333333
2239116,2018,318,7,0.212837838,0.253378378,80.09761064,0.150837989
2220984,2014,317,15,0.248148148,0.4,96.08192851,0.6
2186070,2016,316,5,0.328413284,0.435424354,87.04197962,0.322274882
2258658,2016,316,3,0.247104247,0.281853282,85.70869369,0.173410405
2177262,2014,316,3,0.284644195,0.348314607,85.37984619,0.25
2725337,2013,315,6,0.229885057,0.333333333,83.93113458,0.071428571
2230248,2016,315,2,0.25795053,0.409893993,88.70718397,0.331914894
2643273,2013,314,1,0.252669039,0.366548043,77.66426953,0
2678785,2012,314,2,0.261818182,0.385454545,,
393988,2016,313,1,0.24567474,0.418685121,91.20108253,0.310526316
2740103,2013,310,1,0.255725191,0.458015267,93.96466182,0.25
2739275,2014,309,9,0.282945736,0.372093023,81.62644402,0
2739275,2013,308,10,0.201492537,0.257462687,79.61629076,0
2215764,2016,306,17,0.235074627,0.279850746,82.47317929,0.156862745
2488391,2010,305,3,0.223529412,0.309803922,,
2182092,2014,305,16,0.328467153,0.503649635,86.51882958,0.392857143
2259204,2017,305,15,0.235521236,0.32046332,83.43471538,0.187878788
2720461,2011,304,13,0.340740741,0.466666667,,
2187360,2018,304,7,0.242753623,0.405797101,91.44684967,0.487437186
2678785,2011,303,2,0.212686567,0.339552239,,
2203440,2016,303,7,0.246323529,0.371323529,85.21007828,0.185897436
2769359,2015,302,0,0.275735294,0.334558824,85.85916894,0.058823529
2861382,2016,302,2,0.24137931,0.409961686,89.64775171,0.270967742
2149248,2014,302,0,0.233463035,0.373540856,89.96789474,0.428571429
2401474,2010,301,5,0.24015748,0.350393701,,
2597733,2014,301,2,0.268551237,0.356890459,79.44460788,0.076923077
2897676,2016,300,15,0.248031496,0.338582677,87.74113659,0.148648649
2258694,2015,300,12,0.302040816,0.485714286,83.66779489,0.285714286
2208090,2014,300,3,0.253731343,0.320895522,83.60571529,0.333333333
2649322,2016,299,29,0.258741259,0.374125874,81.64559022,0.096385542
2771222,2016,299,1,0.228464419,0.288389513,86.72696371,0.136612022
2216256,2016,299,1,0.231316726,0.298932384,85.75067954,0.279329609
2292480,2018,299,16,0.320754717,0.418867925,84.53334525,0.179916318
2205600,2018,299,1,0.268939394,0.477272727,88.64903729,0.374331551
2170410,2014,299,18,0.275735294,0.371323529,85.17810416,0.222222222
2249718,2017,299,19,0.286343612,0.396475771,82.23717054,0.12716763
2476638,2010,298,0,0.203921569,0.28627451,,
2167890,2014,298,1,0.221014493,0.402173913,89.78037119,0.470588235
2198016,2014,298,7,0.245210728,0.383141762,92.79119411,0.333333333
1891104,2010,297,4,0.275735294,0.345588235,,
2195910,2016,297,6,0.227091633,0.338645418,85.2724509,0.23030303
2643273,2011,296,2,0.297709924,0.549618321,,
2649322,2014,296,20,0.239852399,0.332103321,83.29306406,0
2231256,2015,296,2,0.213235294,0.397058824,88.48075601,0.387096774
2161986,2014,296,3,0.311787072,0.536121673,89.12937976,0.35
2727890,2013,295,9,0.248062016,0.317829457,82.14026162,0.019230769
2726487,2012,294,1,0.25093633,0.329588015,,
2632325,2012,293,6,0.258687259,0.293436293,,
2778030,2014,292,0,0.243445693,0.303370787,83.03956447,0.018348624
2611510,2012,291,40,0.252,0.308,,
2266446,2016,291,19,0.357142857,0.542016807,93.80256958,0.483870968
2235426,2015,290,9,0.266917293,0.353383459,84.80108882,0.243902439
2272926,2018,290,27,0.291139241,0.41350211,83.47027306,0.131578947
2286528,2018,290,2,0.257692308,0.403846154,89.60301396,0.38150289
2541567,2013,289,0,0.229885057,0.356321839,89.89990104,0.380952381
2628921,2010,289,4,0.310344828,0.402298851,,
2806757,2014,289,6,0.281954887,0.387218045,84.00797093,0
2195472,2015,289,1,0.24137931,0.38697318,89.10957,0.36969697
2825203,2016,288,0,0.223938224,0.33976834,87.05544222,0.145945946
2720461,2014,287,0,0.304832714,0.36802974,86.91774118,0.127753304
2255604,2016,287,4,0.296153846,0.396153846,82.79696464,0.207142857
2255988,2017,287,13,0.236,0.32,84.45231676,0.213903743
2646010,2016,286,14,0.282868526,0.378486056,81.21948889,0.033707865
2190828,2015,286,0,0.247232472,0.284132841,84.55675183,0.243243243
2739758,2016,284,0,0.214285714,0.353174603,87.34266948,0.25974026
2744105,2015,284,0,0.31884058,0.442028986,,
2279286,2017,282,8,0.33201581,0.442687747,85.05868535,0.228426396
2567764,2010,281,1,0.189393939,0.242424242,,
2677865,2011,281,12,0.226337449,0.37037037,,
2205810,2016,281,28,0.214285714,0.30952381,82.50281401,0.189781022
2216082,2017,281,0,0.278688525,0.483606557,88.49468597,0.366013072
2213424,2016,280,0,0.283464567,0.381889764,86.45431183,0.292035398
2243358,2014,280,19,0.343629344,0.463320463,88.51780919,0.5
1239744,2012,279,11,0.238683128,0.366255144,,
2274414,2018,279,26,0.257028112,0.373493976,83.66770507,0.149253731
2475856,2011,277,8,0.2890625,0.390625,,
2724946,2012,277,3,0.2,0.306122449,,
2259738,2016,276,15,0.271186441,0.449152542,86.71043699,0.342857143
2268270,2017,276,3,0.282258065,0.471774194,90.39489065,0.445121951
2250726,2017,276,2,0.280769231,0.373076923,83.03243514,0.206451613
2202054,2016,276,0,0.246031746,0.456349206,90.09046592,0.443708609
2611510,2011,275,47,0.276150628,0.364016736,,
2234310,2015,275,5,0.258333333,0.3,82.97955955,0.162162162
2246238,2016,275,1,0.255506608,0.308370044,85.63044184,0.152317881
2220708,2016,275,0,0.214007782,0.350194553,87.75406361,0.30952381
2191380,2016,275,12,0.261904762,0.396825397,89.39684434,0.333333333
2683822,2011,274,2,0.326446281,0.458677686,,
2209962,2015,274,21,0.266393443,0.37704918,86.55567123,0.209302326
886050,2010,273,1,0.245614035,0.381578947,,
2725337,2012,273,11,0.204166667,0.3,,
2157216,2014,273,26,0.309917355,0.409090909,85.80824628,0.242424242
2861382,2014,272,0,0.281818182,0.463636364,87.08679601,0.25
2188134,2016,272,17,0.254166667,0.316666667,85.93820898,0.24137931
2285976,2018,272,2,0.246963563,0.327935223,81.91379823,0.167741935
2292138,2018,272,14,0.302788845,0.390438247,83.0052124,0.211956522
2597733,2013,271,4,0.208,0.304,,
2777363,2013,270,7,0.251028807,0.349794239,85.66626462,0.044444444
2176230,2016,270,0,0.247863248,0.418803419,89.75425987,0.48630137
2677750,2011,269,9,0.244541485,0.371179039,,
2767611,2015,269,12,0.246753247,0.372294372,89.09397115,0.242424242
2222058,2015,269,12,0.246753247,0.372294372,89.09397115,0.424242424
2864970,2016,268,4,0.320158103,0.434782609,84.11273922,0.063380282
2931348,2016,268,2,0.281512605,0.478991597,91.83231717,0.319727891
2245872,2016,268,1,0.259911894,0.418502203,88.53101024,0.293785311
2244702,2016,268,7,0.221757322,0.292887029,83.77933724,0.237179487
2252166,2017,268,11,0.258474576,0.406779661,83.04772648,0.228346457
2268384,2017,268,1,0.278481013,0.464135021,86.46582242,0.329545455
2262672,2017,268,11,0.311740891,0.510121457,87.13349577,0.357954545
1995468,2016,268,0,0.177489177,0.268398268,87.75364054,0.352941176
2258064,2017,268,2,0.243589744,0.333333333,83.96799603,0.204724409
2522477,2010,267,12,0.222707424,0.301310044,,
2203464,2015,267,24,0.248927039,0.313304721,79.2511086,0
2270562,2018,267,4,0.25210084,0.466386555,90.37823709,0.403614458
2270094,2016,267,10,0.297413793,0.620689655,92.15998992,0.544117647
2817245,2014,266,2,0.251082251,0.354978355,86.77034044,0.111111111
2190540,2016,266,1,0.230452675,0.374485597,91.48485017,0.487341772
2260890,2018,266,4,0.280193237,0.449275362,88.15699862,0.352941176
2594835,2016,265,13,0.257142857,0.453061224,89.0094337,0.293706294
2285562,2018,265,14,0.229665072,0.263157895,84.63424225,0.12987013
2188602,2014,264,12,0.227678571,0.267857143,78.77124367,0.178571429
2203830,2016,264,3,0.194331984,0.263157895,84.73040988,0.261904762
2234352,2014,264,3,0.326359833,0.393305439,80.89513423,0
2601896,2012,263,0,0.294871795,0.581196581,,
2247150,2016,263,15,0.243478261,0.37826087,86.15395674,0.290322581
2249628,2015,263,3,0.239837398,0.321138211,83.45830627,0.4
2677750,2010,262,10,0.216101695,0.322033898,,
2683132,2012,262,5,0.230046948,0.338028169,,
2212578,2014,262,2,0.266129032,0.383064516,81.23786032,0.176470588
609613,2011,261,0,0.288702929,0.39748954,,
2567764,2014,261,6,0.187772926,0.279475983,84.53721484,0.034482759
2247474,2015,261,3,0.208333333,0.291666667,75.73957745,0
2280366,2018,261,3,0.268722467,0.36123348,84.5510826,0.182857143
2726487,2011,260,1,0.246861925,0.376569038,,
2259426,2017,260,2,0.108786611,0.179916318,82.29906277,0.212903226
2290866,2018,260,18,0.320175439,0.390350877,84.71774509,0.137096774
2219952,2016,259,0,0.227272727,0.351239669,87.36993106,0.312138728
2201256,2018,258,1,0.296943231,0.43231441,88.55091657,0.409356725
2244810,2016,258,14,0.272321429,0.383928571,86.01385767,0.2
2219154,2016,258,12,0.233183857,0.408071749,83.32422697,0.201298701
2256588,2015,257,12,0.23245614,0.350877193,90.45565207,0.25
2266938,2017,256,11,0.206730769,0.307692308,84.63700473,0.185840708
2232558,2014,256,17,0.270742358,0.305676856,84.90366816,0.111111111
2291532,2018,256,8,0.30044843,0.434977578,87.97590642,0.353293413
2215686,2015,256,2,0.283105023,0.337899543,85.86686048,0.252427184
2808298,2013,255,5,0.284444444,0.444444444,,
2131572,2016,255,11,0.281512605,0.415966387,87.27811512,0.364705882
2236314,2018,255,5,0.24537037,0.347222222,83.93107271,0.24
1833792,2016,255,1,0.313559322,0.398305085,87.70534819,0.342105263
2422910,2011,254,8,0.256521739,0.42173913,,
2280642,2017,254,0,0.261261261,0.513513514,89.68696887,0.350364964
2249730,2018,254,2,0.24137931,0.426724138,86.91946673,0.313953488
2266410,2016,254,24,0.302631579,0.421052632,84.92339543,0.258064516
1239744,2015,253,12,0.23553719,0.318181818,84.71487901,0.060606061
2176854,2014,253,1,0.260683761,0.307692308,81.07279424,0
2239434,2015,253,40,0.34375,0.392857143,69.54698352,0
2230518,2014,253,5,0.253333333,0.284444444,86.63251504,0.333333333
1276406,2010,252,4,0.242290749,0.365638767,,
1916910,2010,252,0,0.309090909,0.459090909,,
2259000,2016,252,17,0.240909091,0.309090909,89.10410033,0.390243902
2589177,2011,251,0,0.274418605,0.339534884,,
2255982,2017,251,8,0.290322581,0.479262673,88.34218932,0.31372549
2197674,2015,250,0,0.231818182,0.381818182,93.57745898,0.590909091
2693321,2013,248,3,0.257777778,0.328888889,87.89849042,0
2725268,2011,248,3,0.327433628,0.504424779,,
2253042,2016,248,7,0.233333333,0.314285714,87.00997643,0.111111111
2280612,2018,248,0,0.233766234,0.398268398,89.74303622,0.371428571
2242656,2016,248,4,0.171945701,0.248868778,82.96172837,0.233766234
2514956,2012,247,10,0.212121212,0.267676768,,
2770601,2013,247,2,0.235294118,0.406862745,,
2252532,2017,247,3,0.267857143,0.392857143,82.03118012,0
2257698,2017,247,1,0.168949772,0.260273973,86.69674693,0.306451613
2601896,2010,246,2,0.251121076,0.367713004,,
2281314,2017,246,10,0.252380952,0.333333333,86.83492584,0.214285714
2289462,2018,246,2,0.211055276,0.341708543,82.38480096,0.153846154
2260758,2017,246,2,0.243243243,0.423423423,89.04913425,0.398058252
2237418,2016,246,2,0.301801802,0.373873874,87.31966969,0.277777778
2219628,2016,245,0,0.278761062,0.455752212,86.22055063,0.33125
2270274,2016,245,3,0.246376812,0.328502415,84.93789602,0.209150327
2250048,2016,245,0,0.373873874,0.527027027,83.72465473,0.173469388
2261874,2017,244,1,0.228070175,0.337719298,83.6591895,0.232876712
2540532,2012,243,6,0.286363636,0.377272727,,
2274306,2018,243,9,0.254464286,0.392857143,83.81366562,0.153846154
2284236,2018,243,9,0.246636771,0.399103139,81.22885362,0.206185567
2281386,2018,243,12,0.3125,0.379807692,80.43692217,0.066666667
2728810,2012,242,8,0.282828283,0.323232323,,
2817958,2013,242,1,0.275362319,0.400966184,,
2822742,2016,242,8,0.259259259,0.425925926,85.03473471,0.214285714
2283060,2018,242,0,0.213541667,0.359375,88.43518698,0.417322835
2267640,2016,242,11,0.299516908,0.420289855,83.89925365,0.204819277
2290470,2018,242,12,0.2,0.269767442,82.27076969,0.141732283
2249148,2018,241,7,0.268867925,0.33490566,80.45632368,0.05027933
2856851,2016,240,11,0.289719626,0.387850467,87.48196292,0.207142857
2862693,2015,240,7,0.224390244,0.292682927,77.19186611,0
2281104,2018,240,1,0.220657277,0.309859155,89.54656071,0.378151261
2242692,2014,240,8,0.315315315,0.427927928,87.24932262,0.25
2233608,2017,239,2,0.211538462,0.322115385,85.76650729,0.195121951
2259732,2017,239,11,0.281553398,0.378640777,82.52313266,0
2474729,2011,238,4,0.259259259,0.486111111,,
2266788,2017,238,1,0.189320388,0.203883495,85.09467945,0.194174757
2294412,2018,238,5,0.219178082,0.356164384,86.82755822,0.402985075
2247486,2016,238,2,0.259259259,0.430555556,87.39782869,0.317880795
2264424,2016,238,8,0.281690141,0.478873239,86.60265128,0.258064516
2261076,2018,237,3,0.22815534,0.305825243,85.24287322,0.224489796
1831866,2015,237,0,0.25,0.357843137,86.51669243,0.305555556
2260380,2016,237,15,0.272727273,0.431818182,87.57280901,0.274193548
2507987,2012,236,1,0.251101322,0.392070485,,
2898412,2016,236,0,0.212871287,0.311881188,87.50228924,0.195402299
2188380,2015,236,8,0.24,0.31,84.40988234,0.1
2273460,2018,236,16,0.281553398,0.339805825,77.45023564,0
2260740,2016,236,11,0.309090909,0.390909091,81.95976376,0.095238095
2818418,2014,235,0,0.195121951,0.287804878,87.71092414,0.2
2224416,2016,235,0,0.228426396,0.492385787,83.55762803,0.243478261
2152872,2014,235,1,0.221698113,0.320754717,79.69652849,0.153846154
2227956,2017,235,2,0.299539171,0.497695853,86.19680362,0.296551724
2522477,2011,234,3,0.276923077,0.348717949,,
2661374,2014,234,9,0.224299065,0.299065421,81.27089315,0.020618557
2280654,2017,234,12,0.303921569,0.411764706,86.94652183,0.306122449
2688744,2012,233,3,0.30952381,0.385714286,,
2270292,2018,233,3,0.246376812,0.357487923,89.78862018,0.423357664
2165640,2014,233,2,0.245192308,0.389423077,75.7313145,0.181818182
2259504,2017,232,2,0.238095238,0.328571429,85.35346773,0.297468354
1891104,2011,231,3,0.218446602,0.315533981,,
2287950,2018,231,4,0.169398907,0.349726776,78.22906076,0.115384615
2809931,2013,230,11,0.269607843,0.401960784,,
2291604,2018,230,5,0.25,0.42,87.49127023,0.333333333
2265708,2017,229,0,0.24742268,0.463917526,85.58782375,0.24
2617789,2016,228,0,0.201005025,0.316582915,86.69266461,0.195804196
2296134,2018,228,2,0.294117647,0.588235294,89.46003271,0.396226415
2237892,2016,228,1,0.28708134,0.401913876,83.99787508,0.204379562
2187420,2014,228,4,0.303921569,0.504901961,86.57784225,0.304761905
2768991,2013,227,3,0.234693878,0.397959184,,
2266998,2016,227,6,0.328571429,0.49047619,88.30128416,0.44
1239744,2016,226,5,0.268656716,0.39800995,86.45390524,0.103896104
2589177,2010,226,4,0.276699029,0.393203883,,
2693321,2011,226,4,0.304347826,0.487922705,,
2290464,2018,226,4,0.255102041,0.37244898,82.79869312,0.193877551
2291190,2018,225,15,0.246073298,0.314136126,83.54627281,0
2252694,2017,225,11,0.216216216,0.345945946,85.22213889,0.257731959
2280102,2017,225,4,0.272727273,0.411483254,84.82338515,0.297297297
2261364,2018,225,3,0.174358974,0.220512821,82.0477478,0.134328358
2216328,2018,225,2,0.24137931,0.339901478,83.99851644,0.278571429
2183664,2015,224,7,0.261780105,0.387434555,85.86962437,0.253012048
2172966,2014,224,21,0.243902439,0.346341463,87.7399103,0.285714286
2680763,2010,223,15,0.267676768,0.343434343,,
2280660,2017,223,2,0.317948718,0.415384615,85.02839422,0.247311828
2727890,2017,222,9,0.257731959,0.31443299,83.34141274,0.041958042
2203638,2018,222,5,0.235576923,0.384615385,83.18274704,0.182481752
2625057,2011,221,11,0.304123711,0.391752577,,
2679061,2010,221,3,0.23880597,0.358208955,,
2874354,2015,221,9,0.251231527,0.428571429,83.83783418,0
2281032,2018,221,0,0.212765957,0.308510638,86.74852349,0.308333333
2273652,2018,221,4,0.329896907,0.458762887,86.60629124,0.28125
2602057,2011,220,1,0.204081633,0.295918367,,
2678417,2011,220,9,0.320441989,0.596685083,,
2740977,2016,220,13,0.246153846,0.369230769,84.03490123,0.076190476
2259936,2018,220,3,0.293193717,0.45026178,86.44344773,0.265822785
2222958,2014,220,2,0.225806452,0.306451613,86.05009858,0.117647059
2282370,2017,219,8,0.325966851,0.430939227,86.20175903,0.296610169
2567764,2011,218,3,0.190243902,0.23902439,,
2682143,2010,218,2,0.244791667,0.369791667,,
2661374,2013,217,13,0.304123711,0.386597938,,
2285784,2018,217,16,0.221590909,0.295454545,81.03328878,0.078431373
2476638,2014,216,2,0.268421053,0.331578947,85.01203134,0
2294274,2018,216,15,0.217877095,0.458100559,86.40778482,0.333333333
2228526,2016,216,7,0.275510204,0.387755102,84.23226024,0.2
2225880,2018,215,1,0.269230769,0.532967033,90.32329342,0.455172414
2232450,2015,215,12,0.210810811,0.275675676,83.63714544,0.147368421
2248794,2016,214,4,0.215789474,0.4,84.09876002,0.253164557
2277582,2018,213,3,0.233695652,0.288043478,85.65830825,0.083333333
2210532,2014,213,1,0.239361702,0.510638298,78.27428017,0.076923077
2732099,2013,212,0,0.226519337,0.403314917,,
2222136,2016,212,1,0.260416667,0.494791667,86.50521891,0.275862069
1729776,2017,212,2,0.279569892,0.403225806,85.30117303,0.317567568
2227842,2017,212,1,0.24,0.33,84.02855049,0.208333333
2288358,2018,212,10,0.228915663,0.463855422,84.63328976,0.206896552
2283888,2018,211,2,0.164772727,0.272727273,81.21391141,0.183333333
2210520,2015,211,4,0.166666667,0.21875,77.7923427,0.025641026
2283036,2017,210,3,0.238095238,0.392857143,84.3764161,0.15942029
2249466,2016,210,1,0.248704663,0.430051813,85.5360675,0.261538462
2214882,2017,210,0,0.213483146,0.421348315,86.9749466,0.308943089
2582231,2016,209,6,0.261363636,0.409090909,89.72645324,0.218181818
2646401,2011,209,3,0.22459893,0.411764706,,
2818464,2013,209,3,0.326086957,0.510869565,,
2820488,2015,209,0,0.217142857,0.337142857,90.44988481,0.185185185
2825456,2014,209,0,0.25,0.304347826,,
2235852,2015,209,0,0.217142857,0.337142857,90.44988481,0.444444444
2714481,2014,208,4,0.196721311,0.289617486,87.88242992,0.166666667
2819223,2014,208,15,0.239520958,0.329341317,82.27278257,0
2225640,2018,208,0,0.282608696,0.402173913,88.97847066,0.408284024
2267892,2016,207,9,0.336898396,0.395721925,83.21515546,0.208955224
2292090,2018,207,4,0.303370787,0.359550562,85.63435145,0.235772358
2162544,2014,206,1,0.283333333,0.411111111,86.36029105,0.261363636
2230818,2014,206,5,0.234285714,0.297142857,80.50007815,0
2286888,2018,206,5,0.276243094,0.287292818,82.55057398,0.08
2251860,2018,206,7,0.220930233,0.273255814,85.42592131,0.170212766
2228286,2015,206,10,0.325,0.52,89.49384533,0.5
2514956,2010,205,23,0.295454545,0.431818182,,
2540325,2010,205,1,0.211640212,0.322751323,,
2600815,2016,205,1,0.261780105,0.439790576,88.46590557,0.191860465
2783251,2016,205,4,0.240837696,0.392670157,85.58103629,0.204081633
2237172,2016,205,5,0.282608696,0.418478261,82.16644607,0.27173913
2226138,2016,205,4,0.240837696,0.392670157,85.58103629,0.285714286
2265156,2017,205,7,0.321428571,0.464285714,85.98326189,0.313131313
2229138,2014,205,0,0.267379679,0.401069519,86.64194673,0.181818182
2689802,2011,204,1,0.268421053,0.394736842,,
2285916,2018,203,6,0.304347826,0.434782609,83.51543087,0.191489362
2279994,2017,203,3,0.28021978,0.417582418,78.14643093,0.272727273
2203152,2015,203,5,0.193181818,0.340909091,80.08109193,0
2265996,2017,203,4,0.258426966,0.353932584,87.0864027,0.323741007
2258160,2016,203,4,0.182795699,0.26344086,86.33826005,0.305555556
2268930,2017,203,2,0.217391304,0.326086957,81.61906062,0.156716418
2767611,2013,202,13,0.294117647,0.517647059,,
2285610,2018,202,6,0.204819277,0.253012048,81.23157289,0.084337349
2236296,2017,202,0,0.286486486,0.362162162,82.42993216,0.162790698
2213838,2015,202,3,0.316666667,0.427777778,86.28183409,0.298850575
2199366,2016,202,4,0.232044199,0.320441989,81.9006455,0.172413793
2262744,2018,202,15,0.323699422,0.479768786,83.01390703,0.056179775
2219712,2016,201,1,0.269430052,0.455958549,87.07181623,0.320754717
1239744,2010,200,4,0.26519337,0.403314917,,
2469462,2010,200,7,0.281081081,0.313513514,,
2249502,2014,200,10,0.308988764,0.471910112,83.45536521,0.307692308
2178834,2014,199,10,0.337142857,0.497142857,86.32143858,0.272727273
2210964,2015,199,1,0.163841808,0.276836158,86.62139398,0.25
2189040,2018,199,12,0.165714286,0.228571429,84.482761,0.28440367
2238084,2016,199,14,0.29281768,0.331491713,82.08072286,0.157894737
2230212,2016,198,0,0.231182796,0.344086022,83.67192093,0.169117647
2693321,2014,197,3,0.191011236,0.252808989,86.30652364,0.16
2283348,2017,197,6,0.302197802,0.417582418,84.92789512,0.213333333
2220786,2016,197,4,0.25,0.31097561,86.01640576,0.333333333
2209602,2015,197,0,0.204819277,0.240963855,91.62991866,0.4
2243532,2014,197,1,0.247058824,0.441176471,87.25202594,0.363636364
2292132,2018,197,8,0.25,0.386904762,88.50088083,0.307692308
1925926,2010,196,2,0.238095238,0.339285714,,
1949432,2015,196,0,0.190217391,0.25,81.3904925,0.009090909
2642353,2011,196,1,0.25698324,0.424581006,,
2266332,2016,196,7,0.286549708,0.520467836,92.24982284,0.466666667
2236824,2017,196,1,0.274725275,0.478021978,85.2768665,0.301204819
2277594,2017,196,2,0.232258065,0.367741935,84.94113198,0.19047619
2267700,2016,196,0,0.275862069,0.442528736,84.85561492,0.307692308
2244084,2015,196,0,0.24137931,0.396551724,86.12211329,0.21875
2724739,2011,195,21,0.30625,0.39375,,
2244210,2015,195,1,0.177142857,0.245714286,78.97032019,0.14893617
2232468,2017,195,2,0.206060606,0.284848485,85.57314295,0.201754386
2271678,2018,194,6,0.283236994,0.358381503,81.77000079,0.08
2174682,2017,194,12,0.296511628,0.424418605,83.76347345,0.216049383
2254710,2016,194,2,0.245508982,0.473053892,83.81168085,0.315789474
2200350,2014,194,2,0.325966851,0.430939227,89.1881147,0.166666667
2210058,2014,193,8,0.205555556,0.288888889,85.09918337,0.285714286
2282190,2017,193,2,0.16969697,0.387878788,87.77982434,0.357142857
2280894,2017,193,4,0.290123457,0.456790123,84.57173514,0.333333333
1949432,2013,192,2,0.239520958,0.299401198,83.39915606,0.041666667
2300310,2018,192,14,0.283018868,0.352201258,85.3787007,0.191666667
2732697,2012,191,0,0.198830409,0.298245614,,
2869869,2014,191,12,0.248554913,0.341040462,86.27065652,0.142857143
2236020,2014,191,2,0.317073171,0.487804878,86.02839052,0.352941176
2259942,2018,191,3,0.205555556,0.322222222,83.21570875,0.238938053
2684857,2010,190,6,0.278787879,0.460606061,,
2244552,2015,190,0,0.229299363,0.484076433,87.5923214,0.333333333
2261196,2018,190,2,0.173410405,0.225433526,83.58610946,0.173076923
2635959,2015,189,6,0.220125786,0.320754717,93.18592788,0.363636364
2931348,2017,189,2,0.221556886,0.353293413,86.94660253,0.184466019
2224434,2014,189,17,0.236363636,0.284848485,85.53349579,0.266666667
2187714,2015,189,6,0.220125786,0.320754717,91.66587185,0.384615385
2649828,2015,188,0,0.274853801,0.385964912,,
2768991,2014,188,2,0.2,0.333333333,84.39512406,0
2187936,2014,188,3,0.288135593,0.316384181,82.33493419,0.038461538
2250528,2015,188,2,0.25433526,0.369942197,82.2217879,0
2208900,2015,188,0,0.206060606,0.278787879,85.66379987,0.211538462
2248242,2018,188,5,0.300578035,0.462427746,90.98911646,0.416666667
2522477,2013,187,3,0.2625,0.35,82.87244472,0
2649322,2015,187,19,0.299401198,0.467065868,87.41655623,0.333333333
2281716,2017,187,6,0.297619048,0.398809524,83.51734419,0.186440678
2150760,2016,187,6,0.262857143,0.308571429,85.62778976,0.244444444
2195544,2016,187,0,0.216049383,0.37654321,92.04127875,0.483870968
2570133,2016,186,4,0.265432099,0.37654321,88.36330254,0.088235294
2648770,2011,186,4,0.198795181,0.313253012,,
2300304,2018,185,7,0.25,0.341463415,86.27168593,0.339449541
2161176,2015,185,0,0.204968944,0.322981366,84.05821937,0.256410256
2267718,2017,185,5,0.264367816,0.367816092,82.62093059,0.178294574
2171580,2016,185,1,0.298780488,0.481707317,86.5932906,0.352380952
2778030,2016,184,0,0.23699422,0.36416185,82.94698385,0.066666667
1831080,2015,184,1,0.2,0.4,87.85949085,0.333333333
2215740,2015,184,1,0.165680473,0.201183432,82.08733785,0.074074074
2265858,2016,184,3,0.27607362,0.423312883,91.03094503,0.4375
2632371,2010,183,4,0.21875,0.275,,
2683132,2011,183,4,0.280254777,0.49044586,,
2874262,2016,183,1,0.253012048,0.331325301,85.5430992,0.15
2256762,2015,183,16,0.24375,0.34375,86.82799117,0.2
2239554,2016,183,2,0.227848101,0.316455696,86.41830054,0.217391304
2232072,2017,183,9,0.25,0.294871795,82.92748941,0.051282051
2554033,2012,182,2,0.211180124,0.279503106,,
2678785,2016,182,1,0.219512195,0.341463415,83.63437321,0.06741573
2236656,2017,182,2,0.261363636,0.4375,83.09782972,0.220779221
2219184,2018,182,9,0.242236025,0.372670807,85.91151951,0.278350515
2293746,2018,182,1,0.222929936,0.25477707,83.77095663,0.166666667
2597733,2010,181,5,0.265060241,0.34939759,,
2732099,2012,181,1,0.282208589,0.484662577,,
2818418,2013,181,2,0.272108844,0.408163265,,
2280228,2017,181,1,0.290540541,0.412162162,84.21218362,0.23943662
2216406,2015,181,0,0.225,0.28125,88.86429286,0.375
2259150,2017,181,3,0.228395062,0.327160494,81.63354692,0.217821782
2300556,2018,181,6,0.253164557,0.32278481,83.5475947,0.179104478
2630968,2010,180,3,0.186746988,0.240963855,,
2677865,2010,180,2,0.260606061,0.4,,
2864970,2014,180,1,0.228395062,0.296296296,,
2229660,2016,180,1,0.21875,0.24375,78.54548422,0.012048193
2265744,2016,180,2,0.303225806,0.548387097,86.52500727,0.318181818
2289996,2018,180,4,0.219512195,0.390243902,84.41195286,0.218181818
2258898,2017,179,1,0.255033557,0.409395973,88.95936833,0.40776699
2248800,2016,179,14,0.311688312,0.428571429,88.23210362,0.363636364
2175750,2017,179,14,0.327044025,0.553459119,85.28313336,0.3125
2862693,2016,178,11,0.201298701,0.227272727,84.94055294,0.120879121
2244480,2014,178,9,0.171974522,0.229299363,85.44678921,0.272727273
2251488,2016,178,4,0.227272727,0.266233766,80.98347343,0.115384615
2283168,2018,177,3,0.222222222,0.431372549,90.60473983,0.452631579
2597733,2012,176,7,0.234567901,0.364197531,,
2271438,2017,176,2,0.240740741,0.339506173,87.25215758,0.227848101
2244660,2018,176,20,0.267973856,0.39869281,86.47907081,0.32231405
833932,2010,175,2,0.269230769,0.397435897,,
2297676,2018,175,9,0.261744966,0.315436242,83.9885757,0.144144144
2247864,2017,175,1,0.186046512,0.279069767,85.73504876,0
2868581,2016,174,3,0.339622642,0.522012579,83.65260922,0.136363636
2232966,2014,174,11,0.24852071,0.313609467,84.58615988,0.2
2284782,2018,174,4,0.179310345,0.213793103,78.64637427,0
943803,2010,173,0,0.265822785,0.392405063,,
1900787,2010,173,2,0.25,0.31875,,
2769911,2013,173,9,0.335664336,0.41958042,,
2628369,2010,172,2,0.236486486,0.297297297,,
2684857,2015,172,1,0.24,0.4,88.07291197,0.344827586
2250678,2018,172,2,0.248322148,0.308724832,85.92417652,0.256880734
2501524,2012,171,0,0.25308642,0.333333333,,
2175846,2016,171,2,0.269736842,0.368421053,88.63105202,0.389380531
2218176,2017,171,6,0.311258278,0.529801325,85.63851535,0.290697674
2567764,2013,170,1,0.245283019,0.308176101,82.84045287,0
2179218,2017,170,5,0.25625,0.43125,87.75931228,0.346153846
2270298,2017,169,4,0.253424658,0.445205479,89.44424324,0.341772152
2236386,2018,169,1,0.275641026,0.41025641,85.87530817,0.292307692
2826790,2016,168,0,0.273972603,0.404109589,90.27647246,0.203125
2226318,2015,168,1,0.253333333,0.42,82.27748755,0.125
1917876,2010,167,0,0.218543046,0.370860927,,
2589177,2012,167,0,0.232876712,0.301369863,,
2708248,2013,167,12,0.344370861,0.463576159,,
2777363,2016,167,12,0.264900662,0.370860927,85.27738197,0.106382979
2253570,2016,167,0,0.205298013,0.304635762,86.88784164,0.35
2294094,2018,167,6,0.170212766,0.212765957,85.28522739,0.257425743
2234370,2015,167,3,0.208333333,0.375,87.92782872,0.333333333
2727890,2011,166,11,0.355704698,0.530201342,,
2159742,2018,166,2,0.277419355,0.406451613,84.24437288,0.151724138
2152794,2014,166,1,0.209459459,0.304054054,76.039969,0
2282382,2017,166,4,0.3,0.453333333,82.59331159,0.118644068
2232138,2018,166,2,0.230769231,0.314102564,88.15699616,0.344262295
1239744,2014,165,13,0.302013423,0.469798658,88.99234015,0.2
2782469,2014,165,6,0.241134752,0.319148936,82.09001511,0
2820902,2013,165,0,0.317241379,0.4,,
2191710,2014,165,2,0.211678832,0.233576642,87.59239744,0.5
2261970,2016,165,0,0.236842105,0.421052632,83.52815189,0.166666667
2274876,2018,165,4,0.20661157,0.214876033,82.98829338,0.191780822
2287716,2018,165,2,0.283783784,0.459459459,87.43393685,0.350649351
2522477,2015,164,3,0.267605634,0.345070423,79.46631906,0
2777363,2014,164,5,0.257142857,0.335714286,77.00899839,0
2820488,2016,164,0,0.222222222,0.388888889,89.81962694,0.175
2263512,2017,164,6,0.183673469,0.224489796,82.71263789,0.1
2862693,2014,163,8,0.266666667,0.385185185,,
2255466,2018,163,10,0.19379845,0.201550388,83.49625207,0.153061224
2256048,2018,163,0,0.262820513,0.41025641,85.95251106,0.327868852
2823501,2015,162,10,0.289855072,0.31884058,83.19302139,0
2251458,2018,162,3,0.24137931,0.420689655,89.31990373,0.407894737
2262348,2017,162,4,0.214765101,0.348993289,84.5956369,0.197183099
2282982,2017,162,10,0.22556391,0.293233083,77.65192197,0.033333333
2683201,2010,161,3,0.273333333,0.406666667,,
2739275,2012,161,2,0.321167883,0.474452555,,
2800133,2013,161,3,0.281481481,0.414814815,,
2823501,2016,160,10,0.216783217,0.27972028,85.83363663,0.034482759
2236638,2016,160,10,0.216783217,0.27972028,85.71104143,0.166666667
2632371,2011,159,7,0.22147651,0.268456376,,
2295474,2018,159,4,0.204379562,0.313868613,82.93621944,0.227722772
2236704,2016,158,2,0.206349206,0.253968254,83.15949642,0.073170732
2864648,2015,157,1,0.248175182,0.364963504,86.37928636,0.166666667
2214060,2014,157,7,0.275362319,0.434782609,85.31027095,0.266666667
2252154,2016,157,1,0.173611111,0.243055556,83.52901192,0.071428571
2239698,2018,157,4,0.251748252,0.356643357,83.59546509,0.171428571
2278680,2017,157,1,0.391666667,0.533333333,87.04435528,0.321100917
1239744,2013,156,3,0.243055556,0.319444444,87.99910537,0.166666667
2677359,2010,156,0,0.295774648,0.436619718,,
2777363,2015,156,5,0.204225352,0.316901408,82.44274808,0.076923077
2143122,2016,156,1,0.25170068,0.285714286,84.43069625,0.185185185
2235222,2016,156,1,0.176470588,0.286764706,84.20488237,0.260869565
2775730,2013,155,2,0.233576642,0.313868613,,
2278854,2017,155,7,0.230215827,0.338129496,81.19873158,0.108108108
2265414,2018,154,3,0.23255814,0.286821705,80.80707913,0.116666667
2268480,2016,154,0,0.198412698,0.301587302,80.03919171,0.090909091
2294160,2018,154,2,0.223076923,0.353846154,83.04554266,0.179487179
2242848,2016,154,0,0.231343284,0.395522388,82.20010642,0.264150943
2678946,2010,153,4,0.287769784,0.410071942,,
2259570,2015,153,2,0.296296296,0.414814815,92.02190643,0.5
905163,2013,152,0,0.204379562,0.299270073,93.62846103,0.461538462
2817245,2013,152,2,0.272,0.384,,
2600907,2010,151,0,0.246153846,0.415384615,,
2695322,2016,151,0,0.236220472,0.393700787,85.8375497,0.271604938
2799213,2013,151,0,0.3,0.4,,
1740132,2018,151,1,0.348484848,0.598484848,89.51355827,0.391752577
2276604,2018,151,2,0.183823529,0.272058824,81.44138687,0.233333333
2237844,2016,151,7,0.26119403,0.380597015,82.78110081,0.15
2241576,2015,151,15,0.240875912,0.335766423,85.17944777,0.090909091
2291772,2018,149,3,0.3125,0.3671875,83.44154842,0.091954023
2286042,2018,149,2,0.275590551,0.377952756,81.91819182,0.066666667
2297094,2018,149,1,0.28030303,0.439393939,85.0453438,0.246753247
2249412,2017,148,6,0.290322581,0.419354839,86.6760854,0.333333333
2284902,2018,148,11,0.225806452,0.362903226,83.87984256,0.229166667
2254722,2017,148,3,0.261538462,0.407692308,83.59724765,0.210526316
2200338,2018,148,0,0.255474453,0.547445255,88.682564,0.473684211
2239674,2016,148,2,0.256944444,0.409722222,82.83152986,0.333333333
2259978,2017,147,0,0.261538462,0.523076923,89.92973954,0.432432432
2290938,2018,147,5,0.219512195,0.308943089,84.49848734,0.125
2684857,2011,146,4,0.217741935,0.314516129,,
2215992,2016,146,0,0.244094488,0.377952756,88.92153953,0.411764706
2282622,2017,146,3,0.305343511,0.427480916,83.84570744,0.202898551
2263392,2018,146,10,0.241935484,0.282258065,82.50881889,0.1
2878241,2016,145,6,0.230769231,0.299145299,,
2189808,2015,145,0,0.272058824,0.360294118,82.89150848,0.25
2215746,2015,145,1,0.233576642,0.270072993,81.08865582,0.125
2215704,2016,145,0,0.226277372,0.255474453,82.07534338,0.153846154
2266272,2016,145,0,0.214876033,0.305785124,85.29467384,0.130434783
1901109,2011,144,2,0.198412698,0.333333333,,
2417229,2013,144,1,0.168,0.232,84.97503379,0
2282016,2017,144,8,0.204918033,0.237704918,83.51060485,0.111111111
2225940,2014,144,0,0.198473282,0.335877863,85.72271887,0
2196408,2014,143,11,0.3046875,0.4609375,85.20658818,0.225806452
2736860,2014,142,2,0.239669421,0.388429752,,
2260626,2017,142,0,0.3,0.338461538,83.32973787,0.207317073
2179188,2015,142,0,0.178294574,0.271317829,77.33061885,0
833081,2010,141,1,0.238095238,0.396825397,,
2678417,2010,141,2,0.20610687,0.290076336,,
2227368,2018,141,1,0.203007519,0.22556391,84.87735995,0.268518519
2506446,2013,140,0,0.248062016,0.348837209,93.61105728,0
2279424,2018,140,2,0.16,0.2,79.68357349,0.084337349
2269218,2016,140,2,0.21875,0.296875,85.19446571,0.237288136
2864648,2014,139,1,0.282051282,0.341880342,,
2280486,2017,139,9,0.252173913,0.304347826,85.09938551,0.266666667
1239744,2011,138,5,0.274193548,0.39516129,,
2683132,2010,138,2,0.25,0.459677419,,
2768991,2015,138,1,0.2,0.408333333,,
2856851,2014,138,11,0.3359375,0.5234375,82.98075003,0.06
2148162,2017,138,1,0.235294118,0.361344538,85.32020574,0.23655914
2267898,2016,138,1,0.238095238,0.365079365,87.48895901,0.272727273
2815980,2014,137,3,0.222222222,0.282051282,78.27532419,0
2205108,2016,137,0,0.274193548,0.35483871,81.01439217,0.054945055
2190336,2015,137,25,0.24,0.272,81.52495867,0.133333333
2245578,2015,136,1,0.232,0.264,81.82156214,0.088235294
2570823,2010,135,2,0.236220472,0.31496063,,
2649322,2011,135,10,0.276785714,0.4375,,
2862900,2015,135,1,0.218181818,0.245454545,82.97280227,0
2214870,2016,135,5,0.313559322,0.43220339,88.34836999,0.357142857
2254974,2017,135,2,0.193277311,0.226890756,86.03263976,0.275
2615857,2014,134,2,0.2,0.3,83.9822491,0.142857143
2874193,2014,134,1,0.229508197,0.385245902,90.47194893,0.222222222
1613094,2014,134,0,0.271929825,0.289473684,83.13783762,0.145833333
2695805,2015,133,0,0.284615385,0.330769231,,
2725337,2011,133,6,0.333333333,0.5,,
2288796,2018,133,1,0.283018868,0.547169811,88.75305391,0.392857143
2294466,2018,133,2,0.235772358,0.390243902,87.33232486,0.340909091
2208972,2016,132,0,0.155737705,0.221311475,84.44188643,0.219178082
2240262,2015,132,3,0.35042735,0.478632479,88.34567323,0.285714286
2247288,2014,132,1,0.297520661,0.479338843,83.46296749,0.2
2293620,2018,132,4,0.215517241,0.431034483,88.39693964,0.26984127
2826790,2014,131,1,0.1875,0.3125,,
2236338,2016,131,5,0.168224299,0.224299065,83.99294247,0
1256649,2016,130,0,0.174311927,0.256880734,84.82515997,0.129032258
2689802,2012,130,1,0.298245614,0.438596491,,
2825203,2013,130,1,0.236842105,0.342105263,,
2252316,2016,130,3,0.241666667,0.275,80.60601289,0.022727273
2582024,2011,129,5,0.182608696,0.226086957,,
2724946,2011,129,5,0.37037037,0.564814815,,
2173098,2015,129,2,0.309734513,0.654867257,87.56093102,0.4
2726556,2011,128,2,0.273504274,0.401709402,,
2864648,2016,128,3,0.210526316,0.280701754,83.07465556,0.058823529
2245212,2015,128,0,0.220338983,0.322033898,82.83060172,0.166666667
2280480,2018,128,0,0.189655172,0.310344828,84.02041066,0.243243243
2280306,2018,128,1,0.214953271,0.336448598,81.59889603,0.108108108
902449,2015,127,0,0.211009174,0.275229358,87.58061972,0.083333333
2726832,2011,127,3,0.247706422,0.385321101,,
2782262,2016,127,0,0.223214286,0.410714286,91.28804704,0.373333333
2874216,2017,127,0,0.282051282,0.401709402,87.45013273,0.227272727
2732099,2014,126,0,0.196078431,0.294117647,84.87008974,0.25
2255556,2017,126,0,0.2,0.257142857,85.66823577,0.260869565
2300364,2018,126,11,0.294642857,0.375,87.175811,0.262295082
2270838,2018,126,3,0.212389381,0.256637168,83.54171234,0.205882353
2256906,2016,125,8,0.272727273,0.343434343,86.75121544,0.232142857
2258364,2017,125,4,0.211538462,0.307692308,85.68039432,0.241935484
2783320,2015,124,1,0.183333333,0.241666667,75.31668624,0
2224338,2015,124,3,0.234782609,0.460869565,85.93200521,0.261904762
2271732,2018,124,1,0.205607477,0.261682243,83.3018091,0.05952381
2260344,2017,124,0,0.254716981,0.29245283,83.96499189,0.109090909
2291658,2018,124,0,0.300970874,0.417475728,86.06154219,0.308823529
2287776,2018,124,6,0.213675214,0.418803419,83.1189008,0.24137931
2273226,2018,124,4,0.186915888,0.242990654,83.29130703,0.042857143
2602885,2011,123,1,0.267857143,0.4375,,
1993404,2018,123,0,0.221153846,0.326923077,87.22277566,0.287671233
2260644,2017,123,6,0.239316239,0.393162393,86.26619459,0.304347826
2799213,2014,122,1,0.174311927,0.229357798,83.10581711,0
2222454,2016,122,4,0.236842105,0.254385965,80.32215705,0.064516129
2282682,2017,122,5,0.252336449,0.355140187,85.00392856,0.166666667
2643273,2010,121,0,0.245283019,0.443396226,,
2649828,2014,121,0,0.254385965,0.385964912,82.70048981,0.166666667
2678785,2010,121,2,0.241071429,0.410714286,,
2792819,2016,121,2,0.222222222,0.351851852,85.98867337,0.214285714
2727890,2016,120,5,0.29245283,0.330188679,84.57135107,0.034482759
2867983,2016,120,1,0.271929825,0.315789474,86.99719732,0.1
2267532,2016,120,0,0.281818182,0.427272727,87.57598304,0.111111111
2278146,2017,120,3,0.194444444,0.296296296,87.35222199,0.36
2224602,2017,120,2,0.271028037,0.392523364,84.96585091,0.234567901
2476638,2012,119,0,0.27,0.39,,
2624804,2011,119,0,0.261682243,0.411214953,,
2679061,2011,119,2,0.183673469,0.255102041,,
2238594,2015,119,2,0.20952381,0.285714286,67.86751895,0
2221752,2017,119,0,0.142857143,0.180952381,87.03620069,0.254545455
2206632,2015,119,1,0.247619048,0.333333333,81.78235276,0
2695805,2016,118,2,0.181818182,0.190909091,79.94500406,0.015873016
2286456,2017,118,2,0.294117647,0.392156863,85.5741285,0.333333333
2197914,2016,118,1,0.203883495,0.300970874,82.7394886,0.130434783
2270334,2016,118,1,0.269230769,0.461538462,89.59035401,0.5
1737900,2017,117,9,0.301886792,0.424528302,83.53493455,0.193548387
2168274,2014,117,5,0.240740741,0.342592593,84.24148821,0.119047619
2288268,2018,117,3,0.23853211,0.311926606,81.61632876,0
2649828,2013,116,0,0.306122449,0.418367347,,
2276970,2018,116,4,0.235849057,0.349056604,82.50395295,0.104166667
2294526,2018,116,0,0.154545455,0.245454545,82.74490227,0.105882353
2231508,2016,116,0,0.175925926,0.314814815,86.66738597,0.329113924
2767059,2015,115,6,0.204545455,0.295454545,80.56645719,0.090909091
2815980,2013,115,3,0.255319149,0.35106383,,
1949432,2010,114,1,0.188679245,0.226415094,,
2478823,2011,114,4,0.254901961,0.343137255,,
2874262,2014,114,0,0.225490196,0.343137255,86.58858784,0
2214024,2015,114,0,0.285714286,0.342857143,86.84126545,0
2249664,2018,113,2,0.217821782,0.287128713,84.85693927,0.266666667
2770509,2014,112,0,0.245283019,0.330188679,73.99287935,0
2806757,2013,112,0,0.270833333,0.427083333,,
2864970,2015,112,0,0.276190476,0.361904762,90.77176349,0
2159604,2014,112,0,0.188118812,0.267326733,73.69130933,0
2226030,2016,111,1,0.288461538,0.432692308,83.93398719,0.125
2286708,2017,111,4,0.184466019,0.223300971,77.80608638,0.025641026
2000142,2018,111,0,0.300970874,0.368932039,90.53249964,0.425
2649322,2013,110,13,0.306930693,0.475247525,,
2769911,2015,110,0,0.21875,0.239583333,86.05395653,0.0625
2232168,2016,110,1,0.25,0.37,83.00323979,0.125
2260794,2017,110,3,0.191919192,0.343434343,85.52315236,0.255813953
2283156,2017,110,1,0.237623762,0.257425743,82.66597092,0.191176471
2290050,2018,110,4,0.295454545,0.443181818,84.58641889,0.236363636
2493474,2010,109,0,0.216494845,0.319587629,,
2601068,2014,109,0,0.17,0.27,83.96863767,0.125
2271264,2017,109,0,0.255319149,0.35106383,86.82382647,0.340909091
2255106,2015,109,7,0.254901961,0.274509804,84.25849075,0
2683822,2010,108,0,0.343434343,0.464646465,,
2863567,2014,108,3,0.238636364,0.284090909,,
2544718,2010,107,4,0.204301075,0.365591398,,
2648770,2014,107,0,0.295918367,0.469387755,,
2285958,2018,107,0,0.168421053,0.221052632,83.11880623,0
2175462,2018,107,0,0.131868132,0.230769231,86.70381946,0.338983051
2286594,2018,107,3,0.238636364,0.272727273,78.84245947,0.139534884
2473004,2014,106,1,0.237113402,0.298969072,78.24987225,0.214285714
2649322,2012,106,11,0.24742268,0.319587629,,
2900298,2016,106,10,0.287234043,0.308510638,81.39310344,0
2174658,2014,106,0,0.360465116,0.546511628,91.67532079,0.5
2661374,2012,105,6,0.282608696,0.304347826,,
2677359,2011,105,0,0.239583333,0.479166667,,
2865200,2014,105,2,0.130434783,0.163043478,,
2128632,2016,105,0,0.1875,0.291666667,85.81285643,0.333333333
343043,2010,104,0,0.193548387,0.258064516,,
2615857,2012,104,0,0.318681319,0.428571429,,
2248038,2017,104,0,0.127906977,0.174418605,85.28953536,0.363636364
2215668,2017,104,0,0.279569892,0.365591398,85.74964578,0.266666667
2588855,2011,103,0,0.204301075,0.215053763,,
2862900,2014,103,0,0.218390805,0.252873563,85.59658035,0.083333333
2588855,2010,102,0,0.193548387,0.247311828,,
2678624,2012,102,1,0.288888889,0.411111111,,
2863567,2015,102,0,0.244680851,0.255319149,,
2246862,2017,102,5,0.313131313,0.393939394,85.40597954,0.265625
2291076,2018,102,1,0.230769231,0.32967033,84.25649407,0.24137931
2193048,2016,101,0,0.290697674,0.406976744,81.91341088,0.222222222
2284200,2018,101,3,0.136842105,0.178947368,77.21173906,0
2200698,2014,101,0,0.213483146,0.426966292,86.50129305,0.27027027
2782262,2014,100,6,0.317647059,0.505882353,92.92444253,0.391304348
2240064,2018,100,2,0.2,0.233333333,77.96437243,0.094594595
2236902,2018,99,0,0.191489362,0.265957447,84.28310951,0.223684211
2279814,2018,99,1,0.188235294,0.247058824,84.2835408,0.134615385
2648770,2013,98,1,0.215053763,0.365591398,,
2237622,2017,98,5,0.238636364,0.329545455,72.13755404,0.1
2278980,2017,97,2,0.231707317,0.280487805,80.74693571,0.117647059
2489426,2010,96,0,0.240963855,0.289156627,,
2728741,2011,96,1,0.225352113,0.309859155,,
2770509,2016,96,0,0.213483146,0.359550562,87.82281294,0.20754717
2225268,2017,96,0,0.279069767,0.441860465,83.28862848,0.246153846
2300820,2018,96,0,0.288888889,0.377777778,86.47207849,0.3
2261526,2018,96,3,0.219512195,0.390243902,85.94223972,0.169811321
2209320,2016,96,0,0.22826087,0.391304348,88.30792371,0.288461538
2158164,2016,96,0,0.189873418,0.303797468,86.58135035,0.285714286
2601896,2013,95,0,0.202380952,0.226190476,,
2728810,2011,95,2,0.255813953,0.360465116,,
2245050,2015,95,0,0.147727273,0.159090909,84.96220066,0.285714286
2231184,2014,95,1,0.21686747,0.277108434,72.58466534,0
2255244,2016,95,1,0.155844156,0.233766234,84.46715965,0.142857143
2226312,2015,95,3,0.160493827,0.185185185,71.89881297,0
2295342,2018,95,5,0.160493827,0.209876543,81.70410769,0.078947368
439850,2010,94,1,0.204545455,0.306818182,,
2190702,2015,94,1,0.306818182,0.5,87.94238473,0.392857143
2234712,2015,94,0,0.302325581,0.406976744,89.31727479,0.214285714
2251158,2018,94,0,0.235294118,0.364705882,83.90103752,0.206896552
2920285,2016,93,0,0.178571429,0.19047619,83.35827374,0.125
2206398,2015,93,8,0.227272727,0.25,76.56918322,0
2254908,2018,93,3,0.174418605,0.209302326,82.27979075,0.159090909
2254164,2015,93,5,0.265822785,0.430379747,86.30717143,0.2
2820350,2014,92,0,0.130952381,0.166666667,,
2229564,2017,92,1,0.280898876,0.415730337,88.52820115,0.296875
1950053,2016,91,0,0.298850575,0.425287356,85.65638083,0.057142857
2642353,2012,91,1,0.0875,0.15,,
2226192,2015,91,3,0.230769231,0.320512821,85.03978789,0.090909091
2175132,2014,91,0,0.240963855,0.397590361,85.54044791,0
2252040,2017,91,0,0.173913043,0.246376812,82.54754421,0.083333333
2819223,2013,90,8,0.298701299,0.350649351,,
2226444,2015,90,5,0.217948718,0.243589744,78.36598321,0.058823529
2232234,2017,90,1,0.192771084,0.397590361,80.06058375,0.255813953
2230536,2015,90,0,0.197530864,0.358024691,85.43737716,0.260869565
2865200,2015,89,0,0.156626506,0.204819277,81.7692249,0
1949432,2011,88,0,0.246753247,0.350649351,,
2597733,2015,88,0,0.292682927,0.365853659,86.8711915,0.090909091
2248032,2016,88,0,0.225,0.275,83.27967734,0.04
2254356,2015,88,2,0.139240506,0.189873418,90.63476736,0
2253000,2018,87,4,0.269230769,0.384615385,77.43986015,0.074074074
1949432,2016,86,0,0.185185185,0.222222222,85.7480683,0.066666667
2737803,2012,86,3,0.215189873,0.240506329,,
2279928,2017,86,1,0.216216216,0.364864865,85.3196648,0.176470588
2218134,2015,85,6,0.186666667,0.2,78.42412983,0
2290830,2018,85,2,0.243243243,0.324324324,82.55451132,0.096774194
2279034,2017,84,0,0.313432836,0.328358209,86.22666336,0.297297297
2266026,2018,84,0,0.197368421,0.276315789,84.7217678,0.196428571
2260584,2018,83,1,0.287671233,0.506849315,94.14065771,0.485714286
2239734,2015,83,1,0.338028169,0.507042254,79.76818013,0
2188800,2016,83,5,0.25,0.361111111,87.37672202,0.4
2678785,2015,82,0,0.25,0.382352941,86.15628333,0.35
2228496,2018,82,0,0.253521127,0.352112676,83.60652791,0.288461538
2226558,2015,81,5,0.216216216,0.405405405,85.52910156,0.6
2286072,2017,81,0,0.166666667,0.303030303,83.78581176,0.189189189
2615857,2013,80,0,0.196969697,0.303030303,,
2634211,2011,80,3,0.297297297,0.418918919,,
2688744,2010,80,1,0.23943662,0.295774648,,
2288142,2018,80,3,0.164383562,0.191780822,80.68442637,0.181818182
2294760,2018,79,0,0.238095238,0.301587302,85.52567011,0.333333333
2215158,2015,79,1,0.323943662,0.521126761,91.1871696,0.450980392
2826790,2013,78,0,0.2,0.292307692,,
2469462,2011,77,6,0.208955224,0.23880597,,
2478823,2010,77,0,0.243243243,0.418918919,,
2642353,2013,77,0,0.260869565,0.52173913,,
2678624,2011,77,0,0.216216216,0.297297297,,
2682143,2014,77,0,0.191780822,0.342465753,86.04802522,0.166666667
2271114,2016,77,2,0.194029851,0.208955224,83.98959383,0.076923077
2234304,2018,77,2,0.253521127,0.422535211,86.05542749,0.276595745
2294586,2018,77,0,0.197183099,0.38028169,87.08993636,0.324324324
2283588,2018,75,1,0.142857143,0.19047619,83.54133709,0.137931034
2283042,2017,74,2,0.194029851,0.23880597,81.76320073,0.125
2259030,2017,74,3,0.245901639,0.327868852,88.17507651,0
2544074,2010,73,0,0.276923077,0.476923077,,
2270784,2018,73,2,0.123076923,0.184615385,84.35897213,0.2
2553734,2012,72,2,0.177419355,0.241935484,,
2473004,2016,71,0,0.253968254,0.380952381,82.36842958,0.041666667
2126514,2014,71,0,0.327272727,0.472727273,89.03533935,0.379310345
1737312,2014,71,2,0.245614035,0.350877193,84.34259811,0.25
2255484,2016,71,1,0.160714286,0.25,90.64277306,0.285714286
2196246,2016,71,0,0.261538462,0.430769231,85.87010248,0.315789474
2776075,2015,69,0,0.220338983,0.288135593,,
2250804,2018,69,2,0.357142857,0.464285714,85.19533143,0.258064516
2284608,2018,69,0,0.163934426,0.180327869,80.0285705,0.051282051
2130342,2014,69,1,0.314814815,0.481481481,84.88285874,0.333333333
2770509,2013,68,0,0.306451613,0.467741935,,
2286132,2017,67,1,0.253968254,0.444444444,87.08512961,0.111111111
904358,2010,66,0,0.163636364,0.309090909,,
2820350,2015,66,1,0.157894737,0.192982456,,
2820350,2016,66,0,0.209677419,0.225806452,83.68054095,0.105263158
2879276,2016,66,0,0.2,0.2,86.27476697,0.233333333
2248278,2017,66,1,0.14516129,0.225806452,82.69420289,0.222222222
2251188,2016,66,0,0.2,0.2,86.27476697,0.366666667
2274828,2018,66,0,0.245614035,0.263157895,81.18208165,0.19047619
2539405,2011,65,1,0.245614035,0.333333333,,
2632371,2012,65,0,0.210526316,0.245614035,,
2679268,2010,65,4,0.254545455,0.290909091,,
2271852,2017,65,0,0.288135593,0.440677966,83.09605708,0.071428571
2289108,2018,65,0,0.160714286,0.178571429,85.76757152,0.393939394
2276496,2018,65,0,0.277777778,0.351851852,88.14169475,0.272727273
2504514,2016,64,0,0.142857143,0.232142857,84.49167396,0.15625
2769244,2014,64,0,0.266666667,0.3,86.63128625,0.113636364
2285634,2018,64,2,0.166666667,0.3,82.50496674,0.263157895
1640496,2010,62,0,0.25862069,0.293103448,,
2820488,2014,62,0,0.244897959,0.326530612,90.12526545,0.222222222
2292360,2018,62,0,0.228070175,0.385964912,88.65332228,0.352941176
2258538,2017,62,0,0.192982456,0.263157895,85.59009352,0.411764706
2904875,2016,61,0,0.270833333,0.291666667,79.71506333,0
1741854,2018,61,0,0.269230769,0.538461538,90.63400192,0.476190476
2211210,2015,60,0,0.132075472,0.132075472,87.72268543,0.307692308
2728741,2012,59,0,0.24,0.32,,
2202552,2014,59,0,0.215686275,0.411764706,98.21062817,1
2257632,2016,58,2,0.2,0.32,87.77109844,0.347826087
2402210,2016,57,0,0.259259259,0.462962963,89.3641902,0.19047619
2567764,2012,57,0,0.2,0.254545455,,
2286138,2017,57,2,0.277777778,0.351851852,80.98353202,0.029411765
2192118,2017,57,0,0.31372549,0.607843137,88.82340314,0.311111111
2796407,2014,56,0,0.2,0.275,,
2822742,2015,56,3,0.239130435,0.347826087,,
2269920,2016,56,0,0.326923077,0.384615385,84.45429499,0.125
2678624,2010,55,1,0.212765957,0.340425532,,
2783320,2016,55,0,0.327272727,0.363636364,82.57127853,0
2282430,2017,55,1,0.208333333,0.3125,80.28607886,0.085714286
2694494,2010,54,2,0.159090909,0.227272727,,
2898412,2017,54,0,0.081632653,0.081632653,83.89775965,0.047619048
2297220,2018,54,0,0.212765957,0.29787234,88.26647659,0.357142857
2260908,2017,54,0,0.326923077,0.384615385,79.92106476,0.058823529
2497752,2011,53,0,0.3,0.56,,
2728810,2013,53,1,0.2,0.266666667,,
2865108,2014,53,3,0.25,0.270833333,,
2260704,2018,53,0,0.333333333,0.431372549,86.8054514,0.23255814
2221284,2017,53,0,0.255813953,0.372093023,86.44829185,0.25
2283210,2017,52,0,0.097560976,0.097560976,72.84215329,0
2233116,2015,52,0,0.219512195,0.219512195,88.31744963,0
2244696,2016,52,0,0.2,0.222222222,84.88652367,0.111111111
1917025,2011,51,3,0.255319149,0.361702128,,
2255226,2018,51,1,0.1875,0.354166667,91.29644029,0.387096774
2247978,2016,51,1,0.14893617,0.212765957,79.75473252,0.068965517
2646677,2016,50,0,0.260869565,0.369565217,86.5960442,0.153846154
2735779,2015,50,0,0.142857143,0.142857143,,
2237076,2017,50,0,0.266666667,0.422222222,87.08536553,0.352941176
1822590,2016,49,0,0.282051282,0.307692308,84.0510188,0.066666667
2288190,2018,49,0,0.15,0.15,80.43652049,0
2173614,2016,49,0,0.181818182,0.272727273,82.79638418,0.266666667
2287602,2018,49,2,0.153846154,0.205128205,74.9953837,0.083333333
2274162,2017,49,2,0.375,0.475,86.34115527,0.315789474
2265138,2016,48,0,0.142857143,0.238095238,90.84268566,0.357142857
2287338,2017,48,1,0.214285714,0.285714286,82.46997087,0.055555556
2157576,2016,46,0,0.136363636,0.159090909,85.3319432,0.133333333
2242590,2018,45,2,0.2,0.2,83.54234431,0.212121212
2262198,2017,45,0,0.236842105,0.289473684,79.24860101,0.086956522
2737803,2013,44,0,0.230769231,0.307692308,,
2776075,2013,44,0,0.153846154,0.205128205,,
2931233,2016,44,0,0.264705882,0.323529412,72.06722256,0
2207778,2016,44,0,0.216216216,0.297297297,85.64496975,0.285714286
1659576,2017,44,0,0.243243243,0.378378378,85.86387323,0.264705882
2778030,2015,43,1,0.230769231,0.307692308,80.77030296,0
2286150,2018,43,0,0.135135135,0.162162162,83.03026709,0.125
2738194,2013,42,0,0.297297297,0.432432432,,
2825456,2013,42,0,0.210526316,0.263157895,,
2286582,2017,42,0,0.078947368,0.078947368,96.55452492,0.5
2195976,2016,42,0,0.375,0.8,91.51160117,0.454545455
2497821,2017,41,0,0.131578947,0.210526316,83.77324811,0.1
2744565,2015,41,0,0.272727273,0.393939394,,
2285256,2018,41,0,0.235294118,0.235294118,79.48097808,0.125
2224218,2016,41,0,0.214285714,0.214285714,86.08748149,0.153846154
2258256,2015,41,1,0.314285714,0.542857143,89.43638705,0
2524133,2013,40,0,0.2,0.314285714,,
2173596,2015,40,0,0.142857143,0.2,84.1325855,0.115384615
2174298,2014,40,1,0.285714286,0.371428571,87.40379294,0.285714286
2648011,2010,39,0,0.352941176,0.382352941,,
2729224,2012,39,1,0.129032258,0.258064516,,
2249382,2016,39,0,0.121212121,0.212121212,73.4239891,0
2213184,2016,38,0,0.3125,0.46875,86.20559754,0.238095238
2820488,2013,37,1,0.172413793,0.275862069,,
2832885,2014,37,0,0.194444444,0.277777778,68.68229831,0
2147598,2016,37,0,0.129032258,0.129032258,79.55176176,0.272727273
2255784,2015,37,1,0.259259259,0.407407407,87.32725312,0
2249934,2016,37,0,0.103448276,0.137931034,76.8574485,0
2842499,2016,36,0,0.171428571,0.228571429,87.77198752,0.0625
2219160,2015,36,1,0.2,0.366666667,83.25723172,0.333333333
2506446,2011,34,0,0.258064516,0.322580645,,
2289798,2018,34,1,0.08,0.08,73.4614274,0
2229036,2018,34,0,0.133333333,0.3,86.81789259,0.086956522
2133000,2016,34,1,0.225806452,0.35483871,89.81411524,0.36
2200344,2017,33,0,0.107142857,0.25,85.90312375,0.235294118
2002968,2016,33,0,0.142857143,0.142857143,73.38707579,0
2212644,2018,33,0,0.28125,0.40625,80.05579522,0.04
2796407,2013,32,1,0.347826087,0.434782609,,
2208846,2016,32,0,0.153846154,0.153846154,79.65986494,0.076923077
2245932,2015,32,0,0.225806452,0.35483871,83.1918955,0
2769359,2016,31,0,0.111111111,0.111111111,84.62453493,0
2909705,2016,31,2,0.269230769,0.307692308,83.72363211,0.1
2216760,2014,31,0,0.125,0.125,70.24734351,0
2211816,2016,31,0,0.148148148,0.148148148,83.14816204,0.125
2429396,2013,30,2,0.206896552,0.344827586,,
2207502,2017,30,0,0.148148148,0.222222222,82.17947571,0.208333333
2281008,2017,30,0,0.115384615,0.153846154,64.57916764,0
2174142,2016,30,0,0.333333333,0.5,76.33902578,0
2783320,2014,29,1,0.172413793,0.172413793,,
2264550,2016,29,0,0.518518519,0.888888889,92.23471691,0.538461538
2534828,2010,28,0,0.333333333,0.333333333,,
2678624,2013,28,1,0.269230769,0.461538462,,
2247186,2016,28,0,0.2,0.6,90.34033629,0.444444444
2265618,2016,28,0,0.222222222,0.222222222,83.20396259,0.2
2223366,2018,28,0,0.16,0.24,81.49485463,0.142857143
2213142,2016,28,0,0.25,0.333333333,80.91936859,0.142857143
2615857,2011,27,0,0.130434783,0.260869565,,
2189988,2016,27,1,0.52173913,0.782608696,87.23925734,0.428571429
2197074,2014,27,0,0.05,0.05,73.87264181,0
1949432,2012,26,0,0.238095238,0.238095238,,
2524133,2014,26,0,0.181818182,0.227272727,81.3691488,0
2726832,2012,26,1,0.24,0.36,,
2294868,2018,26,1,0.090909091,0.090909091,83.95525142,0.083333333
2245326,2018,26,0,0.173913043,0.173913043,86.49154852,0.375
2211858,2017,26,1,0.318181818,0.681818182,85.90729339,0.25
2271258,2018,25,0,0.125,0.125,82.92730758,0.272727273
2128200,2015,25,0,0.352941176,0.470588235,85.47242962,0.333333333
2254794,2018,25,0,0.142857143,0.19047619,78.11457362,0.153846154
2295780,2018,25,0,0.19047619,0.19047619,86.53713025,0.333333333
2210136,2015,25,0,0.086956522,0.130434783,81.2287503,0.125
2214684,2015,25,0,0.1,0.1,84.64228529,0
2127816,2017,24,0,0.090909091,0.090909091,90.37106959,0.411764706
2270748,2016,24,4,0,0,80.94045151,0
2215248,2017,24,0,0.047619048,0.047619048,80.03999616,0.285714286
2157420,2015,24,0,0.15,0.15,85.64359983,0.25
2542648,2012,23,0,0.136363636,0.136363636,,
2642353,2014,23,0,0.15,0.15,,
1659552,2015,23,0,0.3,0.35,76.50306465,0
2222964,2016,23,0,0.090909091,0.090909091,85.43490236,0
2176518,2015,23,0,0.1875,0.25,84.78408555,0.25
2253876,2016,23,1,0.272727273,0.318181818,81.50711142,0.071428571
2291130,2018,23,0,0.333333333,0.380952381,84.40915071,0
2818234,2015,22,0,0.105263158,0.105263158,71.15663488,0
2242458,2018,22,0,0.117647059,0.117647059,79.95566238,0
2270502,2018,22,0,0.157894737,0.157894737,80.91819469,0.133333333
2524133,2011,21,0,0.055555556,0.111111111,,
2728741,2013,21,0,0.166666667,0.166666667,,
2274240,2018,21,0,0.428571429,0.619047619,97.28258319,0.727272727
2212326,2018,21,0,0.411764706,0.529411765,83.06374104,0.363636364
2473004,2013,20,0,0.222222222,0.444444444,,
2732099,2011,20,0,0.235294118,0.411764706,,
2163930,2015,20,1,0.1875,0.25,86.00023103,0.333333333
2233896,2016,20,0,0.1875,0.1875,83.3939949,0
2740103,2016,19,0,0.235294118,0.470588235,84.43946293,0.25
2865108,2016,19,2,0.055555556,0.055555556,81.81413956,0
2270592,2018,19,0,0.2,0.266666667,88.72957833,0.25
2250024,2018,19,0,0.176470588,0.235294118,83.97332552,0
2259852,2017,19,0,0.166666667,0.166666667,74.11702341,0
2204952,2018,19,0,0.176470588,0.235294118,91.07606761,0.166666667
2238042,2018,19,0,0.058823529,0.117647059,76.87979333,0
2493796,2010,18,0,0.2,0.2,,
2862900,2016,18,0,0.142857143,0.214285714,77.00825183,0
2246604,2017,18,0,0,0,81.05016349,0.111111111
1592208,2017,18,0,0.230769231,0.307692308,90.95369833,0.222222222
2273214,2017,18,0,0.153846154,0.153846154,84.79288379,0
2127930,2017,17,0,0.285714286,0.5,94.77102372,0.6
2235216,2016,17,0,0.071428571,0.071428571,93.57367515,0.4
2196306,2015,17,0,0.066666667,0.066666667,80.78482743,0
2221146,2017,17,0,0.214285714,0.214285714,97.95169562,0.666666667
2206524,2016,17,0,0.133333333,0.133333333,78.65882161,0
2191740,2016,17,0,0,0,83.49152559,0.166666667
2231652,2017,17,0,0.083333333,0.083333333,77.77237182,0
2401819,2011,16,7,0.285714286,0.285714286,,
2729224,2011,16,0,0.230769231,0.307692308,,
2874354,2016,16,0,0.083333333,0.083333333,86.02571021,0.666666667
2175318,2015,16,0,0,0,83.6775632,0
2237142,2018,16,0,0.285714286,0.5,85.93719952,0.222222222
2232846,2018,16,0,0.066666667,0.2,93.3242094,0.444444444
2726556,2012,15,0,0.153846154,0.153846154,,
2256828,2018,15,0,0.076923077,0.076923077,79.23352621,0.125
2232078,2017,15,0,0.142857143,0.142857143,74.87717829,0
2222340,2017,15,0,0.083333333,0.083333333,72.32742259,0
2226546,2018,15,0,0.333333333,0.4,88.9144187,0.388888889
1606092,2016,15,0,0.071428571,0.071428571,83.27497244,0.166666667
2738194,2012,14,0,0.230769231,0.307692308,,
2209758,2016,14,0,0.230769231,0.307692308,80.62666139,0.333333333
2627794,2015,13,1,0.166666667,0.166666667,81.66990137,0
2820350,2013,13,0,0.153846154,0.230769231,,
2240364,2018,13,0,0.181818182,0.181818182,81.15060251,0
1613850,2014,13,0,0.461538462,0.615384615,70.41428178,0
2236908,2017,13,1,0.4,0.5,86.96082188,0.333333333
2277672,2018,13,0,0.2,0.4,86.31018513,0
2182170,2015,13,0,0.090909091,0.090909091,74.84343242,0
1825500,2016,13,0,0.4,0.5,89.30213318,0.25
2587084,2010,12,0,0.272727273,0.454545455,,
2634211,2012,12,0,0,0,,
2905128,2016,12,0,0.090909091,0.181818182,,
2280546,2018,12,0,0.222222222,0.333333333,90.48922726,0.75
2195460,2014,12,0,0.1,0.1,NULL,NULL
2250006,2016,12,0,0.333333333,0.333333333,82.90956359,0.142857143
2166480,2015,12,0,0.25,0.25,71.86709489,0
2517325,2011,11,0,0.090909091,0.090909091,,
2261604,2018,11,0,0,0,81.77135686,0.166666667
2261292,2017,11,0,0,0,82.77293393,0.142857143
2127444,2016,11,5,0.222222222,0.333333333,94.14641819,0.5
2273574,2018,11,0,0.111111111,0.111111111,83.07261029,0.4
2186808,2017,11,0,0.375,0.5,84.24777359,0.125
2200668,2015,11,0,0.3,0.3,87.26450313,0.5
2214456,2016,11,0,0.444444444,0.555555556,85.02572343,0.5
609613,2012,10,0,0.4,0.4,,
2253378,2018,10,0,0.25,0.625,95.2685433,0.5
2217924,2016,9,0,0.222222222,0.333333333,100.5312693,1
2158908,2018,9,0,0.285714286,0.714285714,91.6999389,0.428571429
2233038,2018,9,0,0.285714286,0.857142857,88.2677862,0.333333333
2265534,2018,9,0,0.142857143,0.142857143,94.79167376,0.333333333
2190714,2016,9,0,0.111111111,0.222222222,83.34952827,0.25
2211780,2016,9,0,0.285714286,0.428571429,83.91593048,0.166666667
2249826,2017,9,0,0.111111111,0.111111111,85.96607324,0.333333333
2231334,2016,9,0,0,0,76.98537686,0
2132358,2014,9,0,0.142857143,0.142857143,NULL,NULL
2783251,2015,8,0,0.285714286,0.571428571,,
2796407,2015,8,0,0.333333333,0.333333333,,
2233572,2017,8,0,0.5,0.666666667,88.1622112,0.2
2219118,2017,8,0,0.142857143,0.142857143,86.12590681,0
2247432,2016,7,0,0.333333333,0.333333333,87.98298842,0.2
2127948,2015,7,0,0.166666667,0.166666667,95.72377816,0.5
2151876,2018,7,0,0,0,77.08724666,0
2215194,2017,7,0,0.2,0.8,99.09755686,0.666666667
2164134,2016,7,0,0.285714286,0.285714286,77.94791644,0.2
2216628,2018,7,0,0,0,94.69302455,0.6
1714836,2018,7,0,0,0,86.31204586,0.2
2215212,2015,7,0,0.2,0.2,78.61486478,0
2225826,2018,7,0,0,0,79.7821,0
2176188,2014,6,0,0.666666667,2,102.2864972,1
2257422,2018,6,0,0.166666667,0.166666667,77.92209966,0.2
2226024,2016,6,0,0,0,75.20849761,0
2189016,2018,6,2,0.5,0.5,89.51139709,0.25
2185152,2018,6,0,0,0,83.4922,0
2494302,2010,5,0,0.4,0.4,,
2231994,2017,5,0,0,0,61.8628523,0
2150100,2015,5,0,0,0,69.04236786,0
2231898,2018,4,0,0,0,NULL,NULL
2220198,2017,4,0,0.25,0.25,90.2991098,0.5
2216454,2018,4,0,0,0,NULL,NULL
2200518,2017,4,0,0,0,84.845873,0
2247606,2015,4,0,0,0,NULL,NULL
2211966,2017,4,0,0,0,85.89186567,0
2246154,2018,4,0,0.25,0.25,88.72357564,0
2245848,2018,4,0,0,0,87.34323431,0
2190654,2016,4,0,0,0,NULL,NULL
2246610,2017,4,0,0,0,78.61253769,0
2197620,2015,4,0,0.25,0.25,80.36319003,0
2170800,2016,4,0,0,0,85.62191817,0.25
2174322,2015,4,0,0.5,1,NULL,NULL
2678785,2014,3,0,0,0,,
2688951,2015,3,0,0,0,,
2228442,2018,3,0,0,0,69.23529613,0
2232048,2016,3,0,0,0,NULL,NULL
2249322,2018,3,0,0,0,NULL,NULL
2173776,2016,3,0,0,0,82.10056381,0
2007882,2016,3,0,0.333333333,0.666666667,85.29917912,0
2176488,2018,3,0,0,0,88.4113892,0.5
2153808,2017,3,0,0,0,74.13535517,0
2235420,2018,3,0,0.333333333,0.333333333,102.8885634,1
2166696,2014,3,0,0.333333333,0.333333333,83.35720296,0
2275302,2018,3,0,0,0,76.29635894,0
1613682,2014,3,0,0,0,NULL,NULL
2499546,2012,2,0,0,0,,
2776075,2014,2,0,0,0,,
1730154,2018,2,0,0,0,83.92727555,0.5
2226126,2015,2,0,0,0,95.04572141,1
2254266,2018,2,0,0,0,93.33339226,0
2169780,2016,2,0,0.5,0.5,93.2838006,0
2228388,2018,2,0,0,0,NULL,NULL
2242968,2017,2,0,0,0,85.07420573,0
2218152,2016,2,0,0,0,NULL,NULL
2244258,2018,2,0,0,0,NULL,NULL
2224902,2017,2,0,0,0,NULL,NULL
2188140,2015,2,0,0.5,0.5,83.92537445,0
2214732,2018,2,0,0,0,NULL,NULL
2218872,2016,2,0,0,0,45.84469162,0
2220888,2015,2,0,0,0,87.27342991,0
2193084,2015,2,0,0,0,NULL,NULL
2242440,2017,1,0,0,0,NULL,NULL
2255088,2017,1,0,0,0,NULL,NULL
2150340,2016,1,0,0,0,82.82377232,0
2256282,2018,1,0,0,0,NULL,NULL
2196132,2016,1,0,0,0,NULL,NULL
2273532,2018,1,0,0,0,98.04430062,1
2216274,2018,1,0,0,0,NULL,NULL
2224656,2016,1,0,0,0,80.37539168,0
2142960,2017,1,0,0,0,92.73068348,0
2127888,2017,1,0,0,0,NULL,NULL
2251320,2016,1,0,0,0,NULL,NULL
2270472,2017,1,0,0,0,NULL,NULL
2239518,2017,1,0,0,0,NULL,NULL
2231748,2016,1,0,0,0,79.59348757,0
2194896,2017,1,0,0,0,NULL,NULL
2146554,2015,1,0,0,0,81.96739106,0
2210754,2016,1,0,0,0,NULL,NULL
2217156,2018,1,0,0,0,NULL,NULL
2164416,2016,1,0,0,0,95.49847242,1
2230242,2018,1,0,0,0,NULL,NULL
2265900,2018,1,0,0,0,93.99038004,0
2259408,2018,1,0,0,0,NULL,NULL
2178804,2017,1,0,0,0,NULL,NULL
2252244,2018,1,0,0,0,NULL,NULL
2242182,2016,1,0,0,0,NULL,NULL
2236920,2016,1,0,0,0,NULL,NULL
2401819,2010,0,2,0,0,,
2499454,2016,0,0,0,0,,
2636695,2011,0,0,0,0,,
